# Nebenquest-Details (K49–K51, generiert aus tools/authoring/sq_k4x/sq_k5x). Belohnungen nach K48 §8.
Name,Title,Giver,Location,Intensity,TruthLevel,DurationMin,Prerequisite,Variant,Sol,WardenXP,Reputation,Items,Consequence,Summary
SQ_001,Messlatten im Farn,NPC_PELL|Archivarin Pell,SET_C_EICHENHALL,2,0,25,Quest.MQ_A1_07,–,450,1300,F01 +150,Kodex-Beobachtung Mossling; ITM_LURE_BELLCHIME,Pells Messkarte hängt in der Außenstelle; Barks über „nachklingende Zonen“,"Die neue Akademie-Außenstelle braucht Messreihen vom Rand der geheilten Lindwald-Zone. Pell gibt dem Wärter drei Resonanzlatten mit – und die Bitte, nicht nur zu messen, sondern aufzuschreiben, wie sich die Echos dort verhalten. Ihre These: Geheilte Zonen klingen eine Weile nach."
SQ_002,"Das Rillo, das rückwärts schwimmt","NPC_LINA|Lina (Kind, Lindwiesen)",SET_V_LINDWIESEN,2,0,20,–,Time=Dusk,400,1100,–,ITM_FOOD_LINDHONEY ×3; Kodex-Beobachtung Rillo,Rillo-Familie lebt am Mühlbach (sichtbar); Lina grüßt den Wärter mit Namen,"Lina schwört, dass ein Rillo im Mühlbach gegen die Strömung zurück zum Wald schwimmt, jeden Abend. Die Erwachsenen lachen. Der Wärter folgt dem Rillo und findet ein Nest unter einer eingestürzten Brücke, das seit der Stillezone abgeschnitten war."
SQ_003,Kaels altes Notizbuch,NPC_PELL|Archivarin Pell,SET_C_EICHENHALL,3,0,30,Quest.MQ_A1_07 & Quest.SQ_001,–,500,1500,F01 +150,ITM_KS_017; Kodex-Fragment „Messbares Hören“,Notizbuch wird in K45 (MQ_A2_06) von Kael erwähnt; Dialogvariante je Antwort,"Pell hat in den Kisten der Außenstelle ein Notizbuch von Kael gefunden – aus der Zeit vor seiner Aufnahme. Seine Thesen über „messbares Hören“ sind klug und falsch zugleich. Pell bittet den Wärter, drei Versuche nachzustellen, um zu sehen, wo Kael recht hatte."
SQ_004,Der Schläfer im Uralthain,NPC_TORBEN|Holzfäller Torben,SET_O_URALTHAINLAGER,3,0,25,–,–,450,1300,–,ITM_TRAP_REST; Rezept RCP_037,Neuer Holzweg (Data Layer) oder Brokk-Jungtiere am alten Weg nach 3 Spieltagen,"Ein Torgrath liegt seit Tagen quer über dem Holzweg im Uralthain und rührt sich nicht. Torben will ihn nicht wecken – „man weckt keinen Berg“. Der Wärter findet heraus, warum das Echo dort ruht: Unter ihm brütet eine Brokk-Familie in einer Mulde."
SQ_005,Das Echo der Außenstelle,NPC_PELL|Archivarin Pell,SET_C_EICHENHALL,4,0,35,Quest.MQ_A1_07 & Quest.SQ_003,Time=Night,550,1700,F01 +150,ITM_LURE_LANTERN; Kodex-Beobachtung Lumow (Sammler),Lumow wohnt im Dachgebälk der Außenstelle oder im Forst; Pell entschuldigt sich bei Tavesh' Leuten (Bark),"In der Außenstelle verschwinden nachts Messinstrumente. Pell verdächtigt die Freien Stimmen. Der Wärter findet stattdessen ein junges Lumow, das die glänzenden Teile sammelt – und eine Frage: Darf die Akademie ein Echo einfangen, das sie stört?"
SQ_006,Das Gewitter der Wisplets,NPC_R01_ODO|Wirt Odo,SET_C_EICHENHALL,4,0,25,Act>=Akt II,Weather=Thunderstorm,800,1700,–,ITM_LURE_WINDCHIME; Hain-Dekor ITM_DECO_WEATHERBELL,Wisplets tanzen bei Gewitter um den Turm statt um die Dächer; Odo stiftet ein Freibier-Bark,"Seit der Resonanzsturm über Aethris lag, ziehen Wisplets bei jedem Gewitter in Schwärmen über Eichenhall und schlagen Funken an den Dachrinnen. Odo fürchtet um sein Strohdach. Der Wärter findet heraus, dass die Wisplets einem Ton folgen, der vom alten Wetterturm kommt."
SQ_007,Honig für Kharsholm,NPC_OSSIAN|Kontorschreiber Ossian,SET_C_EICHENHALL,2,0,25,Quest.MQ_A1_05,–,450,1300,F02 +150,ITM_FOOD_LINDHONEY ×5; Rezept RCP_041,Honigfässer am Kontor; Hilde verkauft ab jetzt an Wendels Wärterbedarf,"Ossian will einen kleinen Handelsweg eröffnen: Lindenhonig aus Lindwiesen gegen Bergkäse aus Kharsholm. Dafür braucht er einen Wärter, der die Imker überzeugt – die trauen dem Kontor nicht, seit es vor Jahren ihre Preise drückte."
SQ_008,Die Glyphe unter dem Moos,NPC_R01_ANSELM|Schnitzer Anselm,SET_C_EICHENHALL,3,0,30,–,Time=Night,500,1500,–,ITM_EVO_GLYPHSHARD; Klangfragment (TruthLevel 0),"Glyphenkreis im Moosgrund (POI, Rückkehrort); Glyphaune nachts dort häufiger","Anselm hat beim Holzholen im Moosgrund eine Steinplatte mit dorunischen Zeichen gefunden. Er will sie als Tischplatte. Der Wärter erkennt, dass die Glyphen einen Ton beschreiben – und dass drei weitere Platten im Hügel liegen müssen."
SQ_009,Leere Fässer,NPC_OSSIAN|Kontorschreiber Ossian,SET_C_EICHENHALL,3,0,30,Quest.MQ_A1_05 & Quest.SQ_007,Time=Night,500,1500,F02 +150,ITM_TRAP_SCENT; ITM_MAT_FERNFIBER ×5,Neue Wegführung mit Duftfallen-Schutz; Sporix-Kolonie bleibt und bestäubt die Farnschlucht,"Die erste Honiglieferung kommt in Kharsholm leer an. Ossian vermutet Diebe. Der Wärter verfolgt den Weg zurück und findet bei der Linnfurt einen Riss im Fass – und eine Spur, die nicht von Menschen stammt, sondern von einer Sporix-Kolonie, die süchtig nach Honig geworden ist."
SQ_010,Wendelins erste Seite,NPC_R01_GRETA|Greta (Wildwacht-Kammer),SET_C_EICHENHALL,2,0,25,–,Time=Dawn,450,1300,–,Wendelin-Tagebuch (Sammelseite); ITM_LURE_TUNINGFORK,Felsring wird zum Rastplatz (Lager-Moment möglich),"Greta hat beim Ausräumen der Wildwacht-Kammer eine Seite in Wendelins Handschrift gefunden – eine Wegbeschreibung zu einem Ort „wo die erste Arena hätte stehen sollen“. Der Ort ist ein Felsring im Lindwald, in dem Echos still werden, um zu lauschen."
SQ_011,Der Mann mit dem Wagen,NPC_OSSIAN|Kontorschreiber Ossian,SET_C_EICHENHALL,4,0,35,Quest.MQ_A1_05 & Quest.SQ_009,–,550,1700,F02 +150,Kontor-Lieferschein (Lore); ITM_CON_SENSE ×2,Konsortium-Händler verschwindet oder bleibt als fairer Konkurrent (Preise in Lindwiesen −5 %),"Ein fremder Händler bietet den Imkern das Doppelte für ihren Honig – unter der Bedingung, nicht mehr an Ossian zu liefern. Der Wärter folgt seinem Wagen und findet heraus, dass er für ein Konsortium arbeitet, das den Weg nach Kharsholm übernehmen will."
SQ_012,Briefe an Ilen,NPC_MAREN|Maren (Lindwiesen),SET_V_LINDWIESEN,3,5,30,Act>=Akt III,–,1350,2000,–,"Familienchronik (Lore, TruthLevel 5); Hain-Dekor ITM_DECO_LETTERBOX","Maren legt ihren letzten Brief „für den, der zuhört“ in den Brunnen; Epilog-Bark","Die alte Maren schreibt seit sechzig Jahren Briefe an „Ilen“ und legt sie in den Klangbrunnen von Lindwiesen. Nach Akt III fragt sie den Wärter, ob Ilen sie je gelesen hat. Der Wärter findet die Briefe – und in ihnen Erinnerungen an seine eigene Familie."
SQ_013,Wo Brannoc saß,NPC_FENJA|Zeugmeisterin Fenja,SET_C_EICHENHALL,2,0,25,Quest.MQ_P03,Time=Night,450,1300,F03 +150,ITM_LURE_WHISTLE; Kodex-Fragment „Brannoc I“,Steinmal „Brannocs Platz“ im Uralthain (Rastort); Denkmal in Eichenhall erhält Tafel,"Die Wildwacht ehrt Brannoc die Lauscherin, die 287 ein Echo durch Geduld statt Gewalt zähmte. Fenja glaubt, der Ort liege im Uralthain, nicht dort, wo das Denkmal steht. Der Wärter soll drei Tage-Nächte-Zeichen deuten, die in Brannocs Lied vorkommen."
SQ_014,Odos Rezept,NPC_R01_ODO|Wirt Odo,SET_C_EICHENHALL,1,0,20,–,–,400,1100,–,Rezept RCP_046; ITM_FOODC_STEW ×2,„Odos Wurzeleintopf“ als Gasthaus-Gericht; Chimkin wird Hausechos-Bark,"Odo kocht seit dreißig Jahren den gleichen Wurzeleintopf und hat das Rezept vergessen – seine Mutter hatte es nur gesungen. Ein altes Chimkin, das im Hof des Wurzelkrugs lebt, summt die Melodie noch. Der Wärter hört hin."
SQ_015,Das alte Echo,NPC_FENJA|Zeugmeisterin Fenja,SET_C_EICHENHALL,3,0,30,Quest.MQ_P03 & Quest.SQ_013,Weather=Rain,500,1500,F03 +150,Kodex-Fragment „Brannoc II“; ITM_FOOD_MOSSCAKE ×3,Der alte Myrthorn begleitet den Wärter im Uralthain als Gast (keine Bindung),"Ein uralter Myrthorn soll sich an Brannoc erinnern – Myrthorn werden alt, und dieser hat einen Klangmal-Riss, der zu Brannocs Lied passt. Der Wärter muss sein Vertrauen gewinnen, ohne ihn zu binden."
SQ_016,Farnzählung,NPC_R01_LORIN|Apotheker Lorin,SET_C_EICHENHALL,2,0,25,–,Time=Dawn & Weather=Rain,450,1300,–,ITM_CON_HEAL_2 ×3; Kodex-Beobachtung Fernlit,"Lorin sammelt nur noch, was der Wärter empfiehlt; Fernlit-Bestand im Nachhall höher oder gleich","Lorin braucht Fernlit-Sporen für Heilsalben, aber Fernlits sind sehr selten geworden. Bevor jemand sammelt, will er wissen, wie viele es gibt. Der Wärter zählt in der Morgendämmerung im Regen – nur dann zeigen sich Fernlits."
SQ_017,Das Lied im Stein,NPC_FENJA|Zeugmeisterin Fenja,SET_C_EICHENHALL,3,0,30,Quest.MQ_P03 & Quest.SQ_015,–,500,1500,F03 +150,ITM_KS_009; Kodex-Fragment „Brannoc III“,Das Lied ist am Lagerfeuer spielbar (Lager-Moment-Option),"Am dritten Ort Brannocs, in der Farnschlucht, ist ein Lied in den Fels geritzt – aber zerstört, Teile fehlen. Ein Skirrow imitiert Bruchstücke davon. Der Wärter setzt das Lied aus Fels und Vogelruf zusammen."
SQ_018,Nachklang im Lindwald,NPC_PELL|Archivarin Pell,SET_C_EICHENHALL,3,9,35,Act>=Nachhall & Ending=NewSong | Ending=SoftSilence,–,1800,2000,–,Hain-Dekor ITM_DECO_MEASURESTAFF; Kodex-Eintrag „Pells Abschlussarbeit“,Pells Arbeit liegt in der Akademie-Bibliothek; Text je Ende verschieden,"Im Nachhall bittet Pell um einen letzten Vergleich: Wie klingt der Lindwald heute, verglichen mit ihrer Messung vom Anfang? Je nach Ende hört der Wärter grünes Wachstum oder silbrige Ruhe – und Pell schreibt ihre Abschlussarbeit darüber."
SQ_019,Die Lauscherin,NPC_FENJA|Zeugmeisterin Fenja,SET_C_EICHENHALL,5,0,45,Quest.MQ_P03 & Quest.SQ_017,Time=Night & Moon=New,700,2000,F03 +400,Titel „Lauscher“; Hain-Dekor ITM_DECO_LISTENERSTONE; ITM_LURE_TUNINGFORK,Wildwacht-Barks nennen den Wärter „Lauscher“; Phantalume erscheint im Uralthain häufiger,"Mit allen drei Orten und dem Lied hört der Wärter, was Brannoc 287 hörte: Ein Echo kommt, wenn man lange genug still ist. In einer Nacht am Uralthain wird die Probe wiederholt – ohne Siegel, ohne Köder, nur mit Zuhören. Am Ende steht kein gebundenes Echo, sondern ein Gelöbnis der Wildwacht."
SQ_020,Die Probe der Wurzeln,NPC_MAELIS|Maelis Wendt,SET_C_EICHENHALL,5,0,30,Akkorde>=4,–,500,1500,–,ITM_HELD_TONE_BLOOM; Trainingsplatz Arena-Garten,Arena-Garten als Trainingsort; Maelis-Barks,"Maelis lädt zu einer Schauprobe: drei Kämpfe in Folge, jeder mit einer eigenen Regel des Gartens – nur Blüte-Echos, Überwuchs ab Runde 1, und ein Kampf, in dem nur Formation entscheidet. Wer alle drei besteht, darf im Garten der Arena trainieren."
SQ_021,Die Wanderung beginnt,NPC_FENJA|Zeugmeisterin Fenja,SET_C_EICHENHALL,3,0,30,Quest.MQ_P03 & Rank.F03>=2,Time=Day,500,1500,F03 +150,ITM_LURE_WHISTLE; Kodex-Beobachtung Gratkin (Wanderung),Wegmarken mit Wildwacht-Bändern; Gratkin-Zug sichtbar in R01_Z02,"Jedes Jahr ziehen Gratkins aus dem Kharsgrat über die Pässe in die Lindwiesen-Auen. Seit der Stille sind die Wege durcheinander. Fenja bittet den Wärter, die Vorhut der Wanderung zu finden und ihren Weg zu kennzeichnen."
SQ_022,Eine Kiste Äpfel,NPC_ENNIS|Ennis Rook (Kurierin),SET_V_MOOSGRUND,3,0,25,Quest.MQ_A1_04,–,450,1300,F04 +150,ITM_FOOD_BERRYMIX ×3; Kodex-Beobachtung Brokkar,"Ennis vertraut dem Wärter (Bark), Brokkar lebt in der Farnschlucht","Ennis Rook bittet den Wärter, eine Kiste Äpfel durch die Kontrolle am Linnfurt-Posten zu bringen. Unter den Äpfeln schläft ein junges Brokkar, freigekauft aus einem Steinbruch. Ennis sagt es dem Wärter erst, nachdem er die Kiste trägt."
SQ_023,Der Steinbruch von Moosgrund,NPC_ENNIS|Ennis Rook (Kurierin),SET_V_MOOSGRUND,4,0,35,Quest.MQ_A1_04 & Quest.SQ_022,–,550,1700,F04 +150,ITM_TRAP_HOARD; ITM_MAT_COPPERORE ×5,Arnulfs Steinbruch arbeitet mit freiwilligen Brokks (Lohn: Erzkrümel) oder steht still,"Woher kam das Brokkar? Ennis führt den Wärter zum Steinbruch hinter Moosgrund, wo Brokks in Schichten arbeiten – gut gefüttert, aber angekettet. Der Besitzer ist kein Unmensch, nur arm. Die Freien Stimmen wollen die Echos befreien; der Wärter sucht einen Weg, der auch den Besitzer Arnulf nicht ruiniert."
SQ_024,Die Nachtfähre,NPC_ENNIS|Ennis Rook (Kurierin),SET_V_MOOSGRUND,4,0,30,Quest.MQ_A1_04 & Quest.SQ_023,Time=Night,500,1500,F04 +150,ITM_CON_REPEL ×2; Hain-Dekor ITM_DECO_FERRYLANTERN,Rillwards nisten an der Furt; Ennis' Zelle hat einen sicheren Weg,"Ennis muss sieben befreite Echos über den Linnfluss bringen, nachts, ohne Laterne. Ein Rillward-Paar kennt die Furt. Der Wärter muss die Echos ruhig halten – ein einziger Ruf, und die Kontrolle am Posten wird aufmerksam."
SQ_025,"Basalt, der zurückklingt",NPC_MESSER_HAKON|Messmeister Hakon (Akademie),SET_C_KHARSHOLM,5,0,50,Quest.MQ_A1_07 & Quest.SQ_005,–,750,2000,F01 +400,Resonator-Upgrade-Bauteil ITM_MAT_SOUNDRESIN ×3; Kodex-Fragment „Grollbasalt“,Akademie und Klans teilen sich die Messung; Brücken-Barks,"Die Messreihen der Außenstelle enden in Kharsholm: Der Grollbasalt der Kettenbrücken klingt nach, wenn ein Echo darüber geht – stärker, seit Orh'gruun im Schlaf liegt. Hakon will den Basalt anbohren. Die Klans verbieten es. Der Wärter sucht eine Messung, die nichts zerstört."
SQ_026,Das Tetri ohne Gewicht,NPC_SIGGA|Sigga (Brakkfels),SET_V_BRAKKFELS,3,0,25,–,Time=Night,450,1300,–,ITM_EVO_GRAVITY; Kodex-Beobachtung Tetri,Sigga erklärt den Dörflern die Anomalie (Bark); Tetri landet,"Siggas junges Tetri schwebt plötzlich und kommt nicht mehr herunter. Die Dörfler sagen, es sei verflucht. Der Wärter erkennt eine Schwerkraft-Anomalie an den Ahnenfelsen, die das Tetri im Schlaf aufgeladen hat."
SQ_027,Kharsk-Formen,NPC_MESSER_HAKON|Messmeister Hakon (Akademie),SET_C_KHARSHOLM,3,0,35,Quest.MQ_A1_07 & Rank.F01>=2,Time=Dusk,550,1700,F01 +150,ITM_KS_022; Kodex-Fragment „Vaels Lücken I“,Kodex-Eintrag Lithshell erhält „Regionalform (Kharsgrat)“,"Vael beschrieb 812 die Lithi als reine Steinart. Hakon hat Lithshells mit Wasserklang gefunden – eine Regionalform, die Vael übersah. Der Wärter soll drei Belege fotografieren und eine Herde in der Dämmerung beobachten."
SQ_028,Schneenacht am Grollhorn,NPC_BRANDA|Bergführerin Branda,SET_O_GROLLHORNBIWAK,4,0,30,–,Weather=Snow,500,1500,–,ITM_CON_WARM ×3; Hain-Dekor ITM_DECO_SUMMITFLAG,Brandas Foto hängt im Biwak; Rimpaw-Gesang als Wetterzeichen in Barks,"Bei Schneefall ziehen Rimpaws auf das Grollhorn, um auf dem Gipfel im Schnee zu singen – eine Wanderung, die kein Mensch je ganz gesehen hat. Branda will sie sehen, bevor ihre Knie nicht mehr mitmachen."
SQ_029,Käse und Klanschwur,NPC_R02_TOVA|Tova (Erzkontor),SET_C_KHARSHOLM,5,0,50,Quest.MQ_A1_05 & Quest.SQ_011,–,750,2000,F02 +400,ITM_FOOD_ALPINECHEESE ×5; Rezept RCP_043,Handelsweg Eichenhall–Kharsholm offen (Händler-Sortimente +2 Waren),"Das Ende des Honigwegs: Tova soll den Bergkäse liefern, aber der Klan der Hralls verweigert das Geschäft mit dem Kontor – ein alter Klanschwur. Der Wärter findet heraus, dass der Schwur nicht gegen das Kontor gerichtet ist, sondern gegen einen Mann, der vor Jahren Hralls betrogen hat: den Konsortiums-Händler aus SQ_011."
SQ_030,Die Tür ohne Griff,NPC_R02_YRSA|Ahnenstein-Tutorin Yrsa,SET_C_KHARSHOLM,4,4,35,Act>=Akt II,–,1050,2000,–,Wendelin-Tagebuch (Sammelseite); ITM_LURE_TUNINGFORK,"Hörraum im Erzgrat (Rückkehrort, Resonanzsinn +10 m dort)","Nach W4 kennt der Wärter Wendelins Wort von den „Türen, die nur von außen aufgehen“. Yrsa zeigt ihm eine Tür im Erzgrat, die die Klans seit Jahrhunderten bewachen. Mit dem Akkord von Kharsholm öffnet sie sich – dahinter liegt kein Schatz, sondern ein Raum zum Zuhören."
SQ_031,Das Gewicht der Bücher,NPC_R02_TOVA|Tova (Erzkontor),SET_C_KHARSHOLM,3,0,30,Quest.MQ_A1_05 & Rank.F02>=2,Time=Night,500,1500,F02 +150,ITM_HELD_ROOTCHARM; Kodex-Beobachtung Ponderath,Vorarbeiter entlastet (Bark); Ponderath als „Kontorgewicht“ oder im Grollschlund,"Im Erzkontor stimmen die Erzmengen nicht. Tova fürchtet, ein Vorarbeiter zweige ab. Der Wärter findet heraus, dass die Waage falsch wiegt – ein Ponderath hat sich darunter eingenistet und macht alles schwerer."
SQ_032,Die Linn-Quelle,NPC_BRANDA|Bergführerin Branda,SET_O_GROLLHORNBIWAK,3,0,30,–,Weather=Rain,500,1500,–,ITM_MAT_KHARSIRON ×3; Klangfragment (TruthLevel 0),Linn klärt sich nach 2 Spieltagen; Mühlbach in Lindwiesen sichtbar klarer,"Die Linn entspringt im Kharsgrat und fließt bis Lindwiesen. Seit Wochen ist ihr Wasser trüb. Branda vermutet einen Erdrutsch. Der Wärter findet eine Höhle, in der Rivetkins Metall aus dem Fels lösen – und eine alte Glyphe, die vor genau diesem Ort warnt."
SQ_033,Verschüttet,NPC_R02_TOVA|Tova (Erzkontor),SET_C_KHARSHOLM,4,0,40,Quest.MQ_A1_05 & Rank.F02>=2 & Quest.SQ_031,–,650,1900,F02 +150,ITM_GEAR_TOOL_2; ITM_CON_STAMINA ×3,Stollen mit neuen Balken (Data Layer); Bergleute-Barks,"Ein Stollen der Erzgrat-Minen ist eingestürzt; drei Bergleute und ihre Ferrows sitzen fest. Der Klan will graben, das Kontor will die Kosten nicht tragen. Der Wärter rettet zuerst – und verhandelt danach."
SQ_034,Ein Hammer für Hralda,NPC_R02_HRALDA_SMITH|Grollschmied Hraldur,SET_C_KHARSHOLM,2,0,25,–,–,450,1300,–,Kodex-Fragment „Hraldas Hammer“; Hain-Dekor ITM_DECO_ANVIL,Hralda hängt den Hammer in die Wildwacht-Kammer; Gespräch im Lager von K45 MQ_A2_08 erhält eine Zeile,"Der Grollschmied hat für Hralda Brakk – seine Cousine – einen Hammer geschmiedet, den sie nie abgeholt hat. „Sie trägt keine Waffen mehr, seit Eichenhall.“ Er bittet den Wärter, ihr den Hammer zu bringen und zu fragen, warum."
SQ_035,Die zweite Waage,NPC_R02_TOVA|Tova (Erzkontor),SET_C_KHARSHOLM,4,0,35,Quest.MQ_A1_05 & Rank.F02>=2 & Quest.SQ_033,Time=Night,550,1700,F02 +150,ITM_HELD_TONE_METAL; Rezept RCP_051,Vertrag geschlossen; Kharsk-Eisen in Saltrand-Händlern (K50),"Tova hat einen Vertrag mit Saltrand in Aussicht: Kharsk-Eisen für Schiffsbeschläge. Doch der Klanrat verlangt, dass das Eisen gesungen, nicht nur gewogen wird – ein altes Ritual, bei dem ein Echo das Metall prüft. Ein Forgoth soll singen, aber er singt nicht für Fremde."
SQ_036,Die Schuld der Lastzüge,NPC_R02_GERD|Gerd (Halle der Klans),SET_C_KHARSHOLM,3,0,30,Act>=Akt III,–,1350,2000,–,"Lore „Klanchronik, Siegelkriege“; ITM_LURE_BELLCHIME",Neue Tafel in der Halle der Klans; Barks über „die schweren Jahre“,"Nach Akt III will Gerd die Klanchronik um die Wahrheit über die Siegelkriege ergänzen – auch um die Rolle der Kharsk-Klans, die Echos als Lastträger in den Krieg schickten. Der Wärter sammelt Erinnerungen der Ältesten und eines alten Cragar, der dabei war."
SQ_037,Pass der Gratkins,NPC_PASSWART_JORN|Passwart Jorn (Wildwacht),SET_O_PASSWACHTNORD,3,0,30,Quest.MQ_P03 & Rank.F03>=2 & Quest.SQ_021,Time=Day,500,1500,F03 +150,ITM_TRAP_NET; Kodex-Beobachtung Kraggoth (Wächter),Gratkins passieren; Kraggoth bleibt als Passwächter (Bark),"Die Gratkin-Wanderung erreicht den Nordpass – und stockt. Ein Kraggoth hat sich auf die enge Stelle gelegt und lässt niemanden vorbei. Jorn will den Pass sprengen. Der Wärter findet heraus, was der Kraggoth bewacht."
SQ_038,"Kristalle, die nachts wachsen",NPC_LEHRLING_MIKKEL|Akademie-Lehrling Mikkel,SET_O_ERZGRATHUETTE,3,0,30,–,Time=Night,500,1500,–,ITM_KS_028; ITM_MAT_QUARTZSHARD ×5,Mikkels Aufsatz in der Akademie (Bark „der Lehrling hatte recht“),"Mikkel behauptet, dass Quarlings nachts Kristalle wachsen lassen, indem sie singen. Niemand glaubt einem Lehrling. Der Wärter beobachtet drei Nächte lang – und findet etwas Seltsameres: Die Kristalle wachsen nur, wenn ein Resonix in der Nähe antwortet."
SQ_039,Lawinenhunde,NPC_PASSWART_JORN|Passwart Jorn (Wildwacht),SET_O_PASSWACHTNORD,4,0,35,Quest.MQ_P03 & Rank.F03>=2 & Quest.SQ_037,Weather=Snow,550,1700,F03 +150,ITM_SEAL_TUNED ×2; Wildwacht-Abzeichen (Kosmetik),Rimlet-Staffel an der Passwacht (sichtbar); Bark „unsere Schneenasen“,"Die Wildwacht will Rimlets zu Lawinensuchern ausbilden – sie spüren Wärme unter Schnee. Jorn bittet den Wärter, drei Rimlets zu gewinnen, die das freiwillig tun. Am Ende steht eine echte Suche."
SQ_040,Die Stimme unter Kharsholm,NPC_R02_YRSA|Ahnenstein-Tutorin Yrsa,SET_C_KHARSHOLM,3,0,30,Quest.MQ_A1_03,–,500,1500,–,Kodex-Eintrag Orh'gruun (Seite 1); ITM_LURE_BELLCHIME,"Yrsa singt den Rhythmus in der Halle (Bark, Musik-Variante)","Yrsa hört seit dem Akkord ein Brummen unter der Stadt. Sie fragt, ob Orh'gruun träumt. Der Wärter lauscht an drei Ahnenfelsen und zeichnet den Rhythmus auf – er stimmt mit den Gezeiten der schwebenden Felsen überein."
SQ_041,Die Grenze hält,NPC_PASSWART_JORN|Passwart Jorn (Wildwacht),SET_O_PASSWACHTNORD,6,0,50,Quest.MQ_P03 & Rank.F03>=2 & Quest.SQ_039,Weather=Thunderstorm,750,2000,F03 +400,ITM_GEAR_CLOAK_2; Hain-Dekor ITM_DECO_GRATKINBANNER,Gratkin-Wanderung jährlich (Weltereignis WE_GRATKIN_MIGRATION); Rask arbeitet für die Wildwacht oder ist verbannt,"Die Wanderung ist fast am Ziel, als ein Unwetter die Gratkins am Grollhorn überrascht. Gleichzeitig wartet am Pass ein Händler mit Netzen, der weiß, dass verängstigte Gratkins leicht zu fangen sind. Der Wärter muss die Herde durch den Sturm führen und den Fänger aufhalten – ohne Gewalt gegen Menschen."
SQ_042,Die Probe der Ahnen,NPC_TORVIK|Torvik Hrall,SET_C_KHARSHOLM,5,9,40,Act>=Nachhall,–,2000,2000,–,ITM_HELD_TONE_GRAVITY; Titel „Brückengänger“,Torvik-Barks im Nachhall je Ende,"Im Nachhall lädt Torvik zur Ahnenprobe: drei Kämpfe auf den Kettenbrücken bei Wind, jede Brücke mit verschobenen Plattformen. Nur wer seinen Chor kennt, besteht – Torvik will sehen, ob der Wärter ohne seine alte Gabe (oder mit ihr) noch zuhört."
SQ_043,Das Horn im Nebel,NPC_PASSWART_JORN|Passwart Jorn (Wildwacht),SET_O_PASSWACHTNORD,4,0,35,Quest.MQ_P03 & Rank.F03>=3,Weather=Fog,550,1700,F03 +150,ITM_LURE_WHISTLE; ITM_CON_HEAL_ALL,Rettungshorn hängt wieder an der Passwacht (spielbar bei Nebel),"Ein Wanderer ist im Nebel am Grollschlund verschwunden. Die Wildwacht hat ein altes Rettungshorn, aber niemand weiß mehr, wie man es bläst – es muss auf einen Ton gestimmt sein, den Gratwyns hören. Der Wärter stimmt das Horn und sucht."
SQ_044,Die Lawine von Brakkfels,NPC_PASSWART_JORN|Passwart Jorn (Wildwacht),SET_O_PASSWACHTNORD,5,0,40,Quest.MQ_P03 & Rank.F03>=3 & Quest.SQ_043 & Act>=Akt II,Weather=Snow,650,1900,F03 +150,ITM_GEAR_BOOTS_2; ITM_CON_WARM ×3,Neue Lawinengalerie an der Straße (Data Layer),In Akt II fällt eine Lawine auf die Straße nach Brakkfels; ein Fuhrwerk und zwei Cragars liegen darunter. Die Rimlet-Staffel aus SQ_039 kommt zum ersten echten Einsatz – oder der Wärter sucht mit dem Resonanzsinn allein.
SQ_045,Nacht der Ahnenfeuer,NPC_R02_GERD|Gerd (Halle der Klans),SET_C_KHARSHOLM,4,0,35,Quest.MQ_P03 & Rank.F03>=3 & Quest.SQ_044,Time=Day,550,1700,F03 +150,ITM_EVO_EMBER; Hain-Dekor ITM_DECO_ANCESTORFIRE,Ahnenfeuer-Nacht als jährliches Weltereignis; Hrallsted-Klan dankt (Bark),"Einmal im Jahr entzünden die Klans Feuer auf allen Ahnenfelsen. Dieses Jahr fehlt der Klan von Hrallsted, weil sein Feuerträger krank ist. Gerd bittet den Wärter, das Feuer mit einem Emblit über den Erzgrat zu tragen – Emblits tragen Glut nur bei Mittagssonne."
SQ_046,Über die Kettenbrücken,NPC_ENNIS|Ennis Rook (Kurierin),SET_C_KHARSHOLM,6,0,50,Quest.MQ_A1_04 & Quest.SQ_024,Time=Night,750,2000,F04 +400,ITM_HELD_SWIFTFEATHER; Zellen-Schnellreisepunkt Grollschlund (K47 F04 Rang 3),Verborgenes Tal der Freien Stimmen (Rückkehrort mit freien Echos),"Ennis' letzte Fahrt in dieser Kette: zwölf befreite Echos, darunter das Brokkar aus Moosgrund, sollen über die Kettenbrücken in ein verborgenes Tal. Die Kontor-Wache am Erzkontor zählt jeden Wagen. Der Wärter muss wählen, wem er vertraut: Tova, den Klans oder der Nacht."
SQ_047,Moorformen,NPC_GELEHRTE_OONA|Gelehrte Oona (Akademie),SET_C_MORVENFURT,3,0,35,Quest.MQ_A1_07 & Rank.F01>=2 & Quest.SQ_027,Weather=Fog,550,1700,F01 +150,ITM_KS_031; Kodex-Fragment „Vaels Lücken II“,Kodex Mirel: „Regionalform Morvenmoor“,"Oona setzt Vaels Lücken im Moor fort: Mirels in Duvreth tragen ein Klangmal, das Vael nur aus Saltrand kannte. Sie braucht Fotos bei Nebel – nur dann leuchten die Male – und Beobachtungen, ob sich die Mirels mit Brinlets paaren."
SQ_048,Der Humbog-Chor,NPC_R03_NIALLA|Nialla (Laternensteg),SET_C_MORVENFURT,2,0,25,–,Time=Night,450,1300,–,ITM_LURE_LANTERN; Hain-Dekor ITM_DECO_MARKETLANTERN,Nachtmarkt öffnet wieder; Händlerangebot nachts +2 Waren,"Der Nachtmarkt von Morvenfurt beginnt traditionell mit dem ersten Humbog-Ruf. Seit Wochen ruft keiner. Die Händler warten, die Laternen bleiben dunkel. Nialla bittet den Wärter, die Humbogs zu finden – sie sind in eine neue Senke gezogen, weil der alte Teich verlandet."
SQ_049,Irrlichtjagd,NPC_GELEHRTE_OONA|Gelehrte Oona (Akademie),SET_C_MORVENFURT,4,0,35,Quest.MQ_A1_07 & Rank.F01>=2 & Quest.SQ_047,Time=Night,550,1700,F01 +150,ITM_EVO_MISTVEIL; Kodex-Fragment „Vaels Lücken III“,"Kodex-Anmerkung „Weißling = Kalkfärbung“ (oder offene Frage, je Antwort)","Seit Generationen jagen Moorleute bei Nacht dem „Irrel-Weißling“ hinterher – einer Form, die Vael nie bestätigte. Oona will die Jagd beenden, mit einer Antwort. Der Wärter findet heraus, dass das „Weißling“ ein Irrel ist, das sich in einem Kalkbecken weiß gefärbt hat – oder doch nicht?"
SQ_050,Wenn das Moor steigt,NPC_R03_FINN|Bootsbauer Finn,SET_C_MORVENFURT,4,0,30,–,Weather=Rain,500,1500,–,ITM_GEAR_MASK_2; ITM_FOOD_SMOKEDFISH ×3,Kanal-Sperrgitter mit Durchlass (Data Layer); Fischer-Barks über „Finns Undlinge“,"Bei Regen steigt das Morvenmoor um fast einen halben Meter. Dann treiben Undlinge aus ihren Senken in die Kanäle der Stadt und verirren sich. Finn baut Boote; er braucht jemanden, der die Undlinge zurückführt, bevor die Fischer sie für Schädlinge halten."
SQ_051,Eine Nacht im Moor,NPC_PASSWART_JORN|Passwart Jorn (Wildwacht),SET_O_RIEDWACHT,6,0,55,Quest.MQ_P03 & Rank.F03>=3 & Quest.SQ_045,Time=Night & Weather=Fog,800,2000,F03 +400,ITM_GEAR_LANTERN_2; Titel „Moorläufer“,Tamsin und das Irraune besuchen sich (Bark); Riedwacht erhält Nebelglocken,"Jorn hat einen Auftrag angenommen, den er bereut: Ein Kind aus Fennhaven ist ins Moor gelaufen, einem Irraune nach. Die Bergretter sind fremd im Moor. Der Wärter führt die Suche durch eine Nebelnacht – und findet das Kind bei einem Echo, das es beschützt hat."
SQ_052,Der Stein mit zwei Seiten,NPC_R03_CORRACH|Moorweise Corrach,SET_C_MORVENFURT,4,6,35,Act>=Akt II & Quest.MQ_A2_07,–,1050,2000,–,Lore „Lieferlisten 991–1003“ (TruthLevel 6); ITM_EMAT_STILLSHARD,Corrach warnt die Moorleute vor Ordenssteinen (Barks),"Nach W6 bringt Corrach dem Wärter einen Stillstein, den ihr Sohn im Moor gefunden hat. Auf der Rückseite: eine Akademie-Prägung. Corrach will wissen, wie lange das schon so geht. Die Spur führt zu einer verlassenen Ordenskapelle bei Duvreth."
SQ_053,Graue Ränder,NPC_PASSWART_JORN|Passwart Jorn (Wildwacht),SET_O_RIEDWACHT,4,0,40,Quest.MQ_P03 & Rank.F03>=4,Weather=Rain,650,1900,F03 +150,ITM_EMAT_STILLSHARD; ITM_GEAR_RESONATOR_2,Graue Ränder verschwinden; Blossis kehren zurück,"Rang 4 der Wildwacht: Jorn wird an die Riedwacht versetzt, um die Nachwirkungen der geheilten Zone zu beobachten. Am Rand wachsen Pflanzen grau nach, und Blossis meiden die Stelle. Der Wärter findet einen vergessenen Stillstein-Splitter im Schlamm."
SQ_054,Das Turmgeheimnis der Fährmeisterin,NPC_AILSA|Fährmeisterin Ailsa Duvreth,SET_C_MORVENFURT,3,3,30,Quest.MQ_A1_08,–,500,1500,–,ITM_LURE_BELLCHIME; Klangfragment (TruthLevel 3),Die Glocke läutet bei Ebbe hörbar über die Stadt (Ambient),"Bei Ebbe im Morve-Delta hört man eine Glocke unter Wasser – Ailsas Großvater, auch er Fährmeister, nannte sie „die Glocke des versunkenen Turms“. Seit MQ_A1_08 läutet sie öfter. Der Wärter taucht und findet eine Glocke mit dorunischen Zeichen, aber nicht vom Turm."
SQ_055,Schulden in der Unterstadt,NPC_R03_SHADE|Der Schatten,SET_C_MORVENFURT,3,0,30,Quest.MQ_A1_04 & Rank.F04>=2,Time=Night,500,1500,F04 +150,ITM_CON_SENSE ×2; Zugang Schwarzmarkt (Vorbereitung),Roan hat sein Echo zurück; Hehler-Barks,"Der Schatten – Rüstmeister der Freien Stimmen – hat ein Problem: Ein Mitglied schuldet einem Hehler Geld und hat dafür sein Echo verpfändet. Die Freien Stimmen kaufen keine Echos frei, aus Prinzip. Der Wärter soll eine andere Lösung finden."
SQ_056,Fennhavens Brücke,NPC_BRUECKENWART_ELWYN|Brückenwart Elwyn,SET_V_FENNHAVEN,2,0,25,–,–,450,1300,–,Rezept RCP_052; ITM_MAT_MOORWILLOW ×4,Neue Brücke (Data Layer); Kinderchor an neuem Ort (Ambient),"Die Stelzenbrücke von Fennhaven fault. Neue Pfähle aus Moorweide würden halten, aber Weiduna wohnen in den Weiden und verlassen sie nicht, solange dort gesungen wird – und die Dorfkinder singen immer dort."
SQ_057,Die Liederschuld,NPC_R03_SHADE|Der Schatten,SET_C_MORVENFURT,4,0,35,Quest.MQ_A1_04 & Rank.F04>=2 & Quest.SQ_055,Time=Night,550,1700,F04 +150,ITM_KS_035; Hain-Dekor ITM_DECO_SONGSHEET,Lied wird in der Unterstadt gesungen (Musik-Variante),"In der Unterstadt bezahlt man mit Liedern: Wer einen Gefallen erhält, singt dafür. Ein Lied wurde gestohlen – ein Händler aus der Oberstadt verkauft es als eigenes. Die Unterstadt will es zurück, ohne aufzufallen."
SQ_058,Die Ouroveth-Legende,NPC_R03_CORRACH|Moorweise Corrach,SET_C_MORVENFURT,3,0,30,Act>=Akt III,–,1350,2000,–,Kodex-Eintrag Ouroveth (Gerücht); ITM_BREED_KEIMWAERME,Spur „Ouroveth“ im Kodex aktiv (K62),"In Akt III erzählt Corrach von Ouroveth, dem Mythischen, das „im Kreis der Generationen“ lebt. Wer züchtet, sagt sie, hört es irgendwann. Der Wärter sammelt drei Moorlieder über Ouroveth – der erste Schritt zu einer Spur, die erst die Zucht-Meisterschaft vollendet (K62)."
SQ_059,"Ein Verrat, der keiner war",NPC_R03_SHADE|Der Schatten,SET_C_MORVENFURT,5,0,45,Quest.MQ_A1_04 & Rank.F04>=2 & Quest.SQ_057,Time=Night,700,2000,F04 +150,ITM_GEAR_LANTERN_2; ITM_TRAP_SHADE,Roan bleibt in der Unterstadt; Laternen werden abgedunkelt (Ambient),"Eine Razzia der Stadtwache trifft ein Versteck der Unterstadt. Alle glauben, Roan habe sie verraten. Der Wärter findet heraus, dass ein Irrlit die Wachen zum Versteck geführt hat – angelockt von den Laternen, die die Freien Stimmen selbst aufgehängt hatten."
SQ_060,Torf und Glut,NPC_TORFSTECHER_BRAN|Torfstecher Bran,SET_V_DUVRETH,3,0,30,–,–,500,1500,–,ITM_MAT_PEATCOAL ×5; ITM_EVO_EMBER,Kein Moorbrand; Cindrels leben im Uralthain (R01) oder im Moor,"Bran sticht Torf in Duvreth. Ein Torfgor hat sich dort eingegraben, und wo es schläft, glüht der Torf – Cindrel-Eier, eingeschleppt von Händlern aus Verdanthain. Ein Moorbrand droht."
SQ_061,Lieder für Tavesh,NPC_TAVESH|Tavesh Amaru,SET_C_MORVENFURT,6,0,50,Quest.MQ_A1_04 & Rank.F04>=2 & Quest.SQ_059,Time=Night,750,2000,F04 +400,Titel „Chorfreund“; Hain-Dekor ITM_DECO_UNDERSTREETFLAG,Unterstadt-Fest als Weltereignis im Nachhall (jeden 20. Spieltag),"Tavesh will die Unterstadt aus dem Verborgenen holen – ein Fest am Laternensteg, offen für alle, mit Liedern, die die Unterstadt sonst nur unter sich singt. Die Stadtwache ist nervös, der Rat skeptisch. Der Wärter organisiert, vermittelt und hält am Ende eine Rede (drei Haltungen)."
SQ_062,Die Probe im Nebel,NPC_EVHE|Evhe Corrach,SET_C_MORVENFURT,5,0,30,Akkorde>=4,Weather=Fog,500,1500,–,ITM_HELD_FOGSCARF; ITM_KS_041,Evhe-Barks; Nebeltraining in der Arena verfügbar,"Evhe, Corrachs Tochter und Arenameisterin, bietet eine Nebelprobe an: Zwei Kämpfe bei so dichtem Nebel, dass die Zeitleiste nur drei Züge zeigt – eine Lektion darin, Gegner zu hören statt zu sehen."
SQ_063,Das erste Netz,NPC_R03_SHADE|Der Schatten,SET_C_MORVENFURT,4,0,35,Quest.MQ_A1_04 & Rank.F04>=3,–,550,1700,F04 +150,ITM_MAT_FOGPEARL ×3; ITM_TRAP_POOL,"Netzfunde werden seltener; Spur führt nach Saltrand (SQ_065, K50)","Fischer finden in ihren Reusen immer öfter fremde Netze – feinmaschig, mit Klangperlen beschwert, gemacht für Echos, nicht für Fische. Die Freien Stimmen wollen wissen, wer sie knüpft. Der Wärter folgt den Perlen."
SQ_064,Der Moorkönig,NPC_EVHE|Evhe Corrach,SET_C_MORVENFURT,6,9,40,Act>=Nachhall,Time=Night,2000,2000,–,ITM_HELD_TONE_VENOM; Titel „Moorkönigs Gast“,Orrin bleibt als Trainer in der Senke (wöchentlicher Rückkampf),"Im Nachhall fordert ein alter Moorkönig – Evhes Lehrer, der sich zurückgezogen hatte – jeden heraus, der Nhael'vesh geweckt hat oder schlafen ließ. Sein Kampf läuft bei Nacht in der Versunkenen Senke; Gift und Geist, Nebel und Wasser."
SQ_065,Perlen aus Saltrand,NPC_R03_SHADE|Der Schatten,SET_C_MORVENFURT,4,0,40,Quest.MQ_A1_04 & Rank.F04>=3 & Quest.SQ_063,–,650,1900,F04 +150,Abnehmerliste (Lore); ITM_CON_REPEL ×2,"Kette setzt sich in Saltrand fort (SQ_088, K50)","Die Klangperlen der Netze stammen aus Saltrand – aus einer Werkstatt, die auch für das Kontor arbeitet. Bevor der Wärter nach Saltrand reist, sucht er in Morvenfurt den Mittelsmann und findet eine Liste mit Abnehmern."
SQ_066,Die Kapelle öffnet sich,NPC_SCHWESTER_IVRA|Schwester Ivra,SET_C_MORVENFURT,3,7,30,Act>=Akt III & Quest.MQ_A2_07,–,1350,2000,F05 +150,ITM_EMAT_STILLSHARD ×2; Kodex-Fragment „Ordensgelübde“,Kapelle bleibt offen; Ordensleute grüßen schweigend (Gesten-Barks),"In Akt III öffnen die Sereth-treuen Ordensleute ihre Kapelle in Morvenfurt. Schwester Ivra, mit Schiefertafel, lädt den Wärter ein, eine Stunde mit ihnen zu schweigen. Danach schreibt sie: „Wir wussten nicht, wem wir dienten. Hilf uns, es wiedergutzumachen.“"
SQ_067,Was Stille heilt,NPC_SCHWESTER_IVRA|Schwester Ivra,SET_C_MORVENFURT,4,7,40,Act>=Akt III & Quest.MQ_A2_07 & Quest.SQ_066,Time=Dusk,1650,2000,F05 +150,ITM_CON_CLEANSE ×3; Rezept RCP_058,Das Undrath schläft; Ivras Notiz „Beides heilt – aber nicht dasselbe.“ im Kodex,"Ivra bringt den Wärter zu einem Undrath, das seit der Klangpest-ähnlichen Raserei eines Sturms nicht mehr schläft. Der Orden glaubt, nur Stille kann es heilen. Der Wärter versucht beides: ein Lied und eine Stille – und beobachtet, was hilft."
SQ_068,Die Küste hat eigene Regeln,NPC_GELEHRTE_OONA|Gelehrte Oona (Akademie),SET_C_SALTRANDHAFEN,5,0,50,Quest.MQ_A1_07 & Rank.F01>=2 & Quest.SQ_049,Time=Day,750,2000,F01 +400,ITM_KS_029; Kodex-Fragment „Vaels Lücken IV“; Akademie-Abzeichen (Kosmetik),Oonas Arbeit „Vaels Lücken“ in der Akademie-Bibliothek; Kodex-Korrekturen in drei Arten,"Oonas Arbeit über Vaels Lücken endet in Saltrand: Marwyns an der Dünenküste haben zwei Klangmal-Muster, je nach Gezeit. Vael hielt sie für zwei Arten. Der Wärter beweist, dass es eine ist – oder dass Vael doch recht hatte. Oona will die Wahrheit, keine Bestätigung."
SQ_069,Die Möwe von Möwenhuk,NPC_FISCHERIN_TJARKE|Fischerin Tjarke,SET_V_MOEWENHUK,2,0,20,–,Time=Dawn,400,1100,–,ITM_FOOD_KELPSNACK ×3; Kodex-Beobachtung Aerlet,Aerlet begleitet Tjarkes Boot wieder (morgens sichtbar),"Ein Aerlet folgt Tjarkes Boot jeden Morgen und stiehlt einen Fisch. Tjarke ist das recht – bis das Aerlet ausbleibt. Sie bittet den Wärter, nachzusehen. Das Aerlet hat sich im Kliffsund in einem alten Netz verfangen."
SQ_070,Eisen für die Werft,NPC_R06_KLAAS|Werftmeister Klaas,SET_C_SALTRANDHAFEN,5,0,50,Quest.MQ_A1_05 & Rank.F02>=2 & Quest.SQ_035,–,750,2000,F02 +400,ITM_GEAR_BAG_2; Rezept RCP_060,"Werft verbaut Kharsk-Eisen; neue Schiffe im Hafen (Data Layer, Akt II)","Das Kharsk-Eisen aus SQ_035 kommt in Saltrand an – und Werftmeister Klaas weigert sich, es zu verbauen: Es „singt“ unter dem Hammer. Tova und Klaas streiten per Klangbrief. Der Wärter muss zeigen, dass singendes Eisen kein Mangel ist, sondern ein Qualitätsmerkmal."
SQ_071,Der Leuchtfelsen-Chor,NPC_LEUCHTWART_FOKKE|Leuchtwart Fokke,SET_O_LEUCHTFELSENWACHT,2,0,25,–,Time=Night,450,1300,–,ITM_LURE_LANTERN; Kodex-Beobachtung Glimkin,Glimkins singen wieder (Ambient nachts); Leuchtfeuer mit Blende,"Nachts singen Glimkins auf dem Leuchtfelsen – Fokke sagt, sie hätten Schiffe gerettet, lange bevor es den Turm gab. Seit das neue Leuchtfeuer brennt, sind sie verstummt. Der Wärter findet heraus, dass das Licht ihren Gesang überstrahlt."
SQ_072,"Zahlen, die nicht klingen",NPC_WIEBKE|Prokuristin Wiebke,SET_C_SALTRANDHAFEN,3,0,35,Quest.MQ_A1_05 & Rank.F02>=3,–,550,1700,F02 +150,ITM_GEAR_BAG_2; Kontor-Lieferscheine (Lore),Wiebke führt doppelte Buchprüfung ein (Bark),"Wiebke, Mariekes Prokuristin, findet in den Hafenbüchern Lieferungen, die es nie gab: Fässer, die zweimal verbucht wurden. Marieke will keine Schuldigen, sondern die Wahrheit. Der Wärter zählt im Lagerhaus nach – und ein Brisel zählt mit."
SQ_073,Sturmflut,NPC_R06_HAUKE|Taucher Hauke,SET_C_SALTRANDHAFEN,5,0,35,Act>=Akt II,Weather=Thunderstorm,1050,2000,–,ITM_GEAR_MASK_3; ITM_CON_HEAL_ALL,Sturmflutmauer in Tangwerft (Data Layer); Hauke-Barks,"Bei Gewitter in Akt II drückt eine Sturmflut in die Tangwerft-Bucht. Brisions reiten auf den Wellen und schlagen Boote los. Hauke braucht Hilfe, die Boote zu sichern und ein Tidling-Gelege vor dem Abtreiben zu retten."
SQ_074,Das zweite Siegel,NPC_WIEBKE|Prokuristin Wiebke,SET_C_SALTRANDHAFEN,4,0,35,Quest.MQ_A1_05 & Rank.F02>=3 & Quest.SQ_072,–,550,1700,F02 +150,ITM_SEAL_TUNED ×2; Rezept RCP_038,Edo arbeitet für Wiebke oder verlässt die Insel,"Die doppelten Fässer tragen zwei Siegel – ein echtes Kontorsiegel und ein gefälschtes. Wiebke vermutet einen Siegelschneider in Möwenhuk. Der Wärter findet ihn: einen alten Mann, der für einen Konsortium-Agenten arbeitet, weil er seine Werkstatt nicht verlieren will."
SQ_075,Die Tangernte,NPC_TANGSAMMLERIN_GESA|Tangsammlerin Gesa,SET_V_TANGWERFT,2,0,25,–,Moon=Full,450,1300,–,ITM_MAT_KELP ×5; ITM_FOOD_KELPSNACK ×3,Gesas Erntekarte im Dorf; Tangix-Bänke als Schutzgebiet markiert,"Bei Springflut legt das Meer die äußeren Tangbänke frei – zwei Stunden lang. Gesa sammelt dann für das ganze Jahr. Doch Tangix haben sich in den Bänken eingenistet. Der Wärter sorgt dafür, dass Ernte und Tangix sich vertragen."
SQ_076,Der Agent,NPC_WIEBKE|Prokuristin Wiebke,SET_C_SALTRANDHAFEN,5,0,40,Quest.MQ_A1_05 & Rank.F02>=3 & Quest.SQ_074,Time=Night,650,1900,F02 +150,ITM_CON_SENSE ×2; Anteilsschein (Lore),Bartol meidet den Hafen (oder wird später in SQ_078 gestellt),"Der Konsortium-Agent heißt Bartol und sitzt in der Hafenkneipe. Er will das Kontor nicht betrügen, sondern übernehmen – die doppelten Fässer finanzieren Anteile. Wiebke braucht Beweise, die vor dem Kontorrat halten."
SQ_077,Das Wrack der Möwe,NPC_R06_ODALIS|Kuriositätenhändlerin Odalis,SET_C_SALTRANDHAFEN,3,0,30,–,–,500,1500,–,ITM_EVO_TIDEPEARL; Klangfragment (TruthLevel 0),Odalis stellt die Glasplatten aus (Laden-Inventar +1),"Odalis kauft Kurioses aus Wracks. Im Riffgrund liegt die „Möwe“, ein Schiff aus den Siegelkriegen, und darin, sagt sie, eine Kiste mit dorunischen Glasplatten. Die Opalisks im Wrack sehen das anders."
SQ_078,Vor dem Kontorrat,NPC_WIEBKE|Prokuristin Wiebke,SET_C_SALTRANDHAFEN,6,0,55,Quest.MQ_A1_05 & Rank.F02>=3 & Quest.SQ_076,–,800,2000,F02 +400,Titel „Kontorzeuge“; ITM_GEAR_TOOL_3,"Neue Satzungsklausel (Vorstufe „Klangtreue“, K47); Bartol verliert Anteile oder wird Teilhaber mit Auflage",Der Kontorrat tagt. Bartol hat Freunde im Rat; Wiebke hat Beweise; Marieke hat nur eine Bedingung: „Keine Hexenjagd.“ Der Wärter spricht als Zeuge – in drei Haltungen – und am Ende steht eine Entscheidung über Bartols Anteile.
SQ_079,Thal'assyrs Grotte,NPC_R06_BEKE_FISH|Fischhändlerin Beke,SET_C_SALTRANDHAFEN,4,7,40,Act>=Akt III,–,1650,2000,–,Kodex-Eintrag Thal'assyr (Seite 3); ITM_LURE_TUNINGFORK,Grotte als Pilgerort der Fischer; Tidal-Barks,"In Akt III erzählt Beke – nicht die Arenameisterin, sondern ihre Tante am Fischmarkt – dass die Tiefseegrotte vor dem Hafen „atmet“, seit alle Stimmen erwacht sind (oder schlafen). Sie bittet den Wärter, nachzusehen, ob Thal'assyr Hilfe braucht."
SQ_080,Glas für das Feuer,NPC_RAGNA|Kapitänin Ragna,SET_C_SALTRANDHAFEN,4,0,40,Quest.MQ_A1_05 & Rank.F02>=4,–,650,1900,F02 +150,Seekarte (Lore); ITM_LURE_WINDCHIME,Die „Salzbraut“ läuft aus (Hafen-Data-Layer),Saltrands Leuchtfeuer brauchen Linsen aus Sahrun-Glas. Die alte Route über Land ist zu langsam. Kapitänin Ragna will eine Seeroute um die Küste wagen – wenn ein Wärter die Riffe kennt und ein Brisel-Schwarm das Schiff lotst.
SQ_081,Die Witwe vom Kliff,NPC_WITWE_ALKE|Alke (Kliffsund),SET_V_MOEWENHUK,3,0,30,–,Time=Dusk,500,1500,–,Hain-Dekor ITM_DECO_CLIFFBELL; Kodex-Beobachtung Ariette (Bindungsgedächtnis),Alke spricht mit dem Ariette (Bark); im Epilog-Nachhall singt es mit anderen,"Alkes Mann fuhr vor zwölf Jahren hinaus und kam nicht wieder. Seitdem sitzt ein Ariette auf ihrem Dach und singt jeden Abend. Alke will wissen, ob es sein Echo ist. Der Wärter vergleicht den Gesang mit einem Klangbrief, den ihr Mann hinterließ."
SQ_082,Sturm vor Sahrun,NPC_RAGNA|Kapitänin Ragna,SET_C_SALTRANDHAFEN,5,0,50,Quest.MQ_A1_05 & Rank.F02>=4 & Quest.SQ_080,Weather=Thunderstorm,750,2000,F02 +150,ITM_GEAR_GLIDER_3; Seefahrer-Abzeichen (Kosmetik),Seeroute Saltrand–Sahrun (Schnellreise per Schiff zwischen Häfen),"Die erste Fahrt der Salzbraut gerät in einen Sturm vor der Südküste. Ragna will umkehren, die Mannschaft weiter. Der Wärter hält das Schiff mit seinen Echos auf Kurs und findet in der Bucht von Sahrun einen sicheren Hafen – und einen Händler, der schon auf sie wartet."
SQ_083,Die Perlen der Aquadrals,NPC_FORSCHERIN_LIV|Meeresforscherin Liv,SET_O_RIFFPOSTEN,3,0,30,–,Time=Night,500,1500,–,ITM_KS_030; Kodex-Fragment „Mondzähler“,Fischer lesen die Aquadral-Muster als Flutwarnung (Bark),"Aquadrals leuchten nachts in Mustern, die sich alle drei Nächte wiederholen. Liv glaubt, sie zählen etwas. Der Wärter dokumentiert drei Nächte und findet heraus: Sie zählen Mondphasen – und warnen so vor Springfluten."
SQ_084,Salz auf grauem Sand,NPC_PASSWART_JORN|Passwart Jorn (Wildwacht),SET_O_DUENENKATE,4,0,40,Quest.MQ_P03 & Rank.F03>=4 & Quest.SQ_053,–,650,1900,F03 +150,ITM_EMAT_STILLSHARD; ITM_CON_CLEANSE ×2,Flecken verschwinden; Tangis wachsen nach,"Die stillen Ränder in Saltrand: An der Dünenküste bleiben nach der Heilung graue Flecken, auf denen kein Tangi wächst. Jorn vermutet Salz. Der Wärter findet Stillstein-Staub, den die Flut verteilt hat."
SQ_085,Bekes Wetten,NPC_BEKE|Beke Tamsen,SET_C_SALTRANDHAFEN,6,9,40,Act>=Nachhall,Moon=Full,2000,2000,–,ITM_HELD_TONE_TIDE; Titel „Gezeitenreiter“,Beke-Barks im Nachhall,"Im Nachhall wettet Beke Tamsen mit jedem, der sich traut – um eine Gezeitenprobe: drei Kämpfe, deren Arena sich mit jeder Runde hebt und senkt. Die Probe findet nur bei Vollmond statt, wenn die Flut am höchsten steht."
SQ_086,Der Leuchtturm schweigt,NPC_PASSWART_JORN|Passwart Jorn (Wildwacht),SET_O_LEUCHTFELSENWACHT,5,0,45,Quest.MQ_P03 & Rank.F03>=4 & Quest.SQ_084,Time=Day,700,2000,F03 +150,ITM_EMAT_STILLSHARD ×2; ITM_GEAR_RESONATOR_3,Leuchtfelsen klar; Glimar-Chor stärker (mit SQ_071),"Der Staub kam vom Leuchtfelsen: Ordensleute hatten dort vor Jahren einen Stillstein vergraben, „damit die Glimkins nicht so laut singen“. Der Stein ist zerbrochen, die Splitter wandern mit der Flut. Jorn und der Wärter bergen sie – vor der nächsten Flut."
SQ_087,Die Regatta,NPC_R06_KLAAS|Werftmeister Klaas,SET_C_SALTRANDHAFEN,4,0,30,–,Time=Day,500,1500,–,ITM_HELD_SWIFTFEATHER; Hain-Dekor ITM_DECO_REGATTAFLAG,Regatta als jährliches Weltereignis (WE_REGATTA),"Einmal im Jahr segeln die Werften gegeneinander – mit Echos als Zugkraft. Klaas fehlt ein Steuermann. Der Wärter tritt an: drei Wettkämpfe gegen die Konkurrenzwerften, in denen Sturm- und Flut-Echos den Ausschlag geben."
SQ_088,Die Perlenwerkstatt,NPC_R03_SHADE|Der Schatten,SET_C_SALTRANDHAFEN,5,0,45,Quest.MQ_A1_04 & Rank.F04>=3 & Quest.SQ_065,Time=Night,700,2000,F04 +150,ITM_MAT_NACRE ×3; ITM_TRAP_POOL,Anke liefert keine Netzperlen mehr (oder heimlich weiter – Bark),"Die Klangperlen der Fangnetze stammen aus einer Werkstatt in Saltrand, die auch für das Kontor Perlen schleift. Die Besitzerin weiß nicht, wofür ihre Perlen verwendet werden – oder will es nicht wissen. Der Wärter muss sie zum Hinsehen bringen."
SQ_089,Netze verbrennen,NPC_R03_SHADE|Der Schatten,SET_C_SALTRANDHAFEN,6,0,55,Quest.MQ_A1_04 & Rank.F04>=3 & Quest.SQ_088,Weather=Fog,800,2000,F04 +400,Titel „Netzlöser“; ITM_GEAR_LANTERN_3,Keine Fangnetze mehr in R03/R06 (Population erholt sich); Netzknüpfer Harm flieht oder wird Fischer,"Die Netzknüpfer lagern ihre Ware in einem Kliffversteck. Die Freien Stimmen wollen es anzünden. Der Wärter weiß: Im Versteck sind auch gefangene Echos. Bei Nacht und Nebel führt er den Einsatz – ohne Feuer, mit Befreiung."
SQ_090,Weißes Gold,NPC_ENNIS|Ennis Rook (Kurierin),SET_V_TANGWERFT,4,0,40,Quest.MQ_A1_04 & Rank.F04>=4,–,650,1900,F04 +150,ITM_MAT_SALTWORT ×5; Vertragsabschrift (Lore),Kette führt nach Sahrun (SQ_109),"Ennis ist zurück, diesmal mit einer Spur: In den Salzgärten hinter Tangwerft arbeiten Stonshells unter Vertrag – einem Vertrag, den sie nie unterschreiben konnten. Die Salzsieder sagen, es sei „Tradition“. Ennis nennt es Schuldknechtschaft. Der Wärter sieht sich beides an."
SQ_091,Scherben im Sand,NPC_LUND|Grabungsleiterin Saphira Lund,SET_O_GLASEBENETURM,3,0,35,Act>=Akt II & Quest.MQ_A1_07 & Rank.F01>=3,Time=Night,1050,2000,F01 +150,ITM_MAT_SUNGLASS ×3; Kodex-Fragment „Glaslied I“,Grabungsfeld erweitert (Data Layer),"Die Akademie gräbt auf der Glasebene. Saphira Lund leitet die Grabung, freundlich und gründlich. Sie braucht jemanden, der Glasscherben nach Klang sortiert – die Hochkultur schrieb in Tönen, nicht in Zeichen. Vor W6 arbeitet Venns Team mit; danach Shirahs Leute."
SQ_092,Die Dunhorn-Mutter,NPC_HIRTIN_NAJLA|Hirtin Najla (Ashurim),SET_V_ASHURIM,3,0,30,Act>=Akt II,Weather=Sandstorm,900,1950,–,ITM_FOOD_DATES ×5; Kodex-Beobachtung Dunkalb,Das Wanderdorf zieht weiter (neuer Lagerplatz); Najla-Barks,"Eine Dunhorn-Mutter hat ihr Kalb in der Tiefen Weite verloren. Sie weigert sich, mit der Herde weiterzuziehen, und das Wanderdorf kann nicht ohne sie aufbrechen. Najla bittet den Wärter, das Kalb zu finden, bevor der Sandsturm kommt."
SQ_093,Das Lied der Glasstadt,NPC_LUND|Grabungsleiterin Saphira Lund,SET_O_GLASEBENETURM,4,0,40,Act>=Akt II & Quest.MQ_A1_07 & Rank.F01>=3 & Quest.SQ_091,–,1150,2000,F01 +150,ITM_KS_043; Kodex-Fragment „Glaslied II“,Die Kinder von Mirsaan singen die Hymne (Ambient),"Die sortierten Scherben ergeben ein Lied – die Hymne einer Stadt, die „die Sonne zu laut besang“. Lund will es aufführen. Der Wärter sammelt in Mirsaan und Harrâd Liedreste, die als Kinderreime überlebt haben."
SQ_094,Skarits im Wind,NPC_R04_HARUN|Sterndeuter Harun,SET_C_QASRSAHRUN,2,0,25,Act>=Akt II,–,800,1700,–,ITM_EVO_GRAVITY; Kodex-Beobachtung Skarabon,Harun veröffentlicht „Dünenkerne“ (Bark),"Harun beobachtet Skarits, die bei Wind seltsame Kreise ziehen. Er glaubt, sie lesen die Schwerkraft der Dünen. Der Wärter vermisst die Kreise und findet einen hohlen Dünenkern, in dem Skarabons nisten."
SQ_095,Wer die Sonne zu laut sang,NPC_LUND|Grabungsleiterin Saphira Lund,SET_O_GLASEBENETURM,5,6,45,Act>=Akt II & Quest.MQ_A1_07 & Rank.F01>=3 & Quest.SQ_093 & Quest.MQ_A2_07,–,1250,2000,F01 +150,Lore „Der Glasreif“ (TruthLevel 6); ITM_LURE_MIRROR,Der Saal wird zum Rückkehrort; Lunds Bericht in K50/K51-Akten,"Das Lied der Glasstadt erzählt von einem Herrscher, der die Sonne zwang, länger zu scheinen – mit einem Kronenreif aus Glas. Lund erkennt Parallelen zu den Kronensplitter-Gerüchten. Nach W6 versteht der Wärter, was sie gefunden hat: ein Vorbild Maedryns."
SQ_096,Die Nacht der Spiegel,NPC_SHIRAH|Shirah Harrad,SET_C_QASRSAHRUN,4,7,35,Act>=Akt III,Moon=Full,1500,2000,–,ITM_LURE_MIRROR; Hain-Dekor ITM_DECO_SUNMIRROR,"Nacht der Spiegel als Weltereignis (Vollmond, R04)","In Akt III, wenn Ash'kareth wach ist (oder schläft), richtet Qasr Sahrun die Nacht der Spiegel aus: Alle Spiegel der Stadt werden auf den Mond gerichtet. Wer hineinsieht, sieht eine Wahrheit über sich. Shirah bittet den Wärter, die Spiegel zu stellen – und selbst hineinzusehen."
SQ_097,Der Reif bleibt im Sand,NPC_LUND|Grabungsleiterin Saphira Lund,SET_O_GLASEBENETURM,6,6,55,Act>=Akt II & Quest.MQ_A1_07 & Rank.F01>=3 & Quest.SQ_095 & Quest.MQ_A2_07,–,1450,2000,F01 +400,Titel „Glaslauscher“; ITM_HELD_MIRRORSCALE,"Reif in der Akademie (Ausstellung, Nachhall) · zerstört · wieder versiegelt (dritte Lösung)","Im Saal liegt ein Reif aus Glas – kein Kronensplitter, aber nach demselben Prinzip gebaut. Venn-treue Grabungswachen halten den Saal noch besetzt und wollen den Reif nach Nimbara schaffen; Aevrins Akademie will ihn studieren, Shirah ihn zerstören. Lund überlässt die Entscheidung dem Wärter."
SQ_098,Die verirrte Karawane,NPC_R04_AMARA|Amara (Karawanserei),SET_C_QASRSAHRUN,4,0,35,Act>=Akt II,Weather=Sandstorm,1050,2000,–,ITM_GEAR_CLOAK_3; ITM_FOOD_DATES ×3,Amaras Karawanen nutzen die Sirrkorn-Bahnen (Bark),"Eine Karawane mit Arzneien für Harrâd hat sich im Sandsturm verirrt. Amara weiß: Wer den Sirrkorns folgt, die im Sturm Bahnen fliegen, findet den Weg. Der Wärter sucht die Karawane per Resonanzsinn und führt sie hinaus."
SQ_099,Geschwärzte Zeilen,NPC_AEVRIN|Aevrin Thal,SET_C_QASRSAHRUN,5,6,45,Act>=Akt II & Quest.MQ_A1_07 & Rank.F01>=4 & Quest.MQ_A2_07,–,1250,2000,F01 +150,Lore „Fundliste Sonnenhof“ (TruthLevel 6); ITM_CON_SENSE ×2,"Aevrins Akte wächst (K51: SQ_132, SQ_152)","Nach dem Verrat öffnet Aevrin Venns Akten. Eine Spur führt zur Grabung am Sonnenhof: geschwärzte Zeilen über „Fundstücke für das Rektorat“. Aevrin schickt den Wärter, die Originalnotizen der Grabungshelfer zu finden, bevor sie verbrannt werden."
SQ_100,Harun und der Neumond,NPC_R04_HARUN|Sterndeuter Harun,SET_C_QASRSAHRUN,4,4,40,Act>=Akt II,Moon=New,1150,2000,–,ITM_LURE_STARCHIME; Klangfragment (TruthLevel 4),Observatorium als Aussichtspunkt (Wärter-EP Entdeckung),"Harun hat eine Sternkarte der Hochkultur gefunden, die nur bei Neumond lesbar ist. Sie zeigt ein Observatorium unter dem Sonnenhof-Plateau, dessen Linsen „die Sonne stimmten“. Der Wärter gräbt sich hinein und richtet die Linsen neu aus – auf die Sterne statt auf die Sonne."
SQ_101,Glas ab Harrâd,NPC_RAGNA|Kapitänin Ragna,SET_V_HARRAD,4,0,40,Act>=Akt II & Quest.MQ_A1_05 & Rank.F02>=4 & Quest.SQ_082,–,1150,2000,F02 +150,ITM_MAT_SUNGLASS ×3; Rezept RCP_062,Glas-Salz-Handel (Händler-Sortimente in R04/R06 +2),"Die Salzbraut liegt in der Bucht vor Harrâd. Ragna verhandelt mit der Glasbläserei Tavi um Linsenglas, doch Tavi liefert nur, wenn Saltrand im Gegenzug Salz für die Oase schickt – Salz, das die Oase gegen Hitze braucht."
SQ_102,Die alte Brunnenköchin,NPC_R04_SAYA|Brunnenköchin Saya,SET_C_QASRSAHRUN,2,9,25,Act>=Nachhall,–,1450,2000,–,Rezept RCP_064; ITM_FOODC_STEW ×3,"Sayas Gerichte im Gasthaus; Bark über „den Wärter, der kochen kann“","Saya kocht seit fünfzig Jahren an der Brunnenküche. Im Nachhall will sie ihr Rezeptbuch an jemanden weitergeben, der „zuhört, wenn das Wasser kocht“. Der Wärter kocht mit ihr drei Gerichte – jedes mit einem Echo als Küchenhilfe."
SQ_103,Die gläserne Route,NPC_RAGNA|Kapitänin Ragna,SET_V_HARRAD,5,0,55,Act>=Akt II & Quest.MQ_A1_05 & Rank.F02>=4 & Quest.SQ_101,Weather=Heatwave,1450,2000,F02 +400,Titel „Routenfinder“; ITM_GEAR_BAG_4,Gläserne Route als Handelsweg; Leuchtfeuer Saltrand mit Sahrun-Linsen,"Die erste volle Ladung Linsenglas soll über Land nach Saltrand – auf einer neuen Route durch die Weite, die Sengrath-Herden als Wegweiser nutzt. Die Reise dauert drei Spieltage; unterwegs: Hitzewellen, eine Furt, ein Händlerzug, der die Route für sich will."
SQ_104,Die Uhr der Stachiks,NPC_FORSCHER_IDRIS|Forscher Idris,SET_O_PLATEAULAGER,3,0,30,Act>=Akt II,Time=Night,900,1950,–,ITM_KS_046; Kodex-Fragment „Sanduhr“,Kodex Stachik: Aktivität mit Temperaturregel,"Stachiks kommen nachts aus dem Sand – aber nicht zu jeder Nacht. Idris vermutet einen Takt. Der Wärter beobachtet sie über drei Nächte und findet: Sie folgen nicht dem Mond, sondern der Temperatur des Sandes um Mitternacht."
SQ_105,Die Karawanserei-Wette,NPC_R04_AMARA|Amara (Karawanserei),SET_C_QASRSAHRUN,3,0,30,Act>=Akt II & Quest.MQ_A1_05,Time=Day,900,1950,F02 +150,ITM_HELD_SWIFTFEATHER; ITM_FOOD_DATES ×3,Rennen als monatliches Ereignis; Kontor- und Karawanserei-Barks,"Amara hat mit einem Kontor-Händler gewettet, dass ein Solvar schneller durch die Weite läuft als jedes Lastechos des Kontors. Der Einsatz: freie Lagerplätze für ein Jahr. Der Wärter soll das Solvar vorbereiten – und auf faires Spiel achten."
SQ_106,Die Probe des Mittags,NPC_SHIRAH|Shirah Harrad,SET_C_QASRSAHRUN,5,0,35,Act>=Akt III,Weather=Heatwave,1500,2000,–,ITM_HELD_TONE_LIGHT; ITM_KS_047,Shirah-Barks; Mittagstraining,"In Akt III fordert Shirah den Wärter zur Mittagsprobe: drei Kämpfe bei Hitzewelle, bei denen Sonnenspiegel jede zweite Runde blenden. Wer bestehen will, muss Licht lesen – oder sich davor schützen."
SQ_107,Die stillen Ränder der Weite,NPC_PASSWART_JORN|Passwart Jorn (Wildwacht),SET_O_DUENENWACHT,6,0,55,Act>=Akt II & Quest.MQ_P03 & Rank.F03>=4 & Quest.SQ_086,Time=Night,1450,2000,F03 +400,Titel „Randgänger“; Hain-Dekor ITM_DECO_GLASSRING,Mahrsil-Refugium bleibt (Teilheilung) oder Ring verschwindet; Jorns Abschiedsbrief,"Die letzte Station der stillen Ränder: In der Tiefen Weite ist eine alte Stillezone geheilt, aber ein Ring aus grauem Glas bleibt. Darin leben Mahrsils, die nur dort sicher sind, weil kein anderes Echo hineingeht. Heilen heißt: ihr Refugium zerstören."
SQ_108,Das Duell der Karawanen,NPC_R04_AMARA|Amara (Karawanserei),SET_C_QASRSAHRUN,4,0,30,Act>=Akt II,–,900,1950,–,ITM_HELD_TONE_EMBER; ITM_FOOD_DATES ×3,Rastplatz-Ordnung an der Oase (Ambient),"Zwei Karawanen streiten um denselben Rastplatz an der Harrâd-Oase. Die Tradition der Weite: ein Wärterkampf, ausgetragen von einem Unbeteiligten für jede Seite. Der Wärter kämpft – für wen, entscheidet er selbst."
SQ_109,Salz in der Oase,NPC_ENNIS|Ennis Rook (Kurierin),SET_V_HARRAD,4,0,40,Act>=Akt II & Quest.MQ_A1_04 & Rank.F04>=4 & Quest.SQ_090,Weather=Heatwave,1150,2000,F04 +150,ITM_MAT_SALTCOPPER ×3; Vertragsabschrift II (Lore),Kette geht weiter (SQ_110),"Die Salzsieder aus Tangwerft haben Verwandte in Harrâd – und auch hier arbeiten Stonshell-Verwandte, Mesakils, in den Salzpfannen, unter denselben Verträgen. Ennis will beide Seiten gleichzeitig angehen."
SQ_110,"Der Vertrag, den niemand unterschrieb",NPC_ENNIS|Ennis Rook (Kurierin),SET_V_HARRAD,5,0,45,Act>=Akt II & Quest.MQ_A1_04 & Rank.F04>=4 & Quest.SQ_109,–,1250,2000,F04 +150,ITM_CON_SENSE; Widerrufsurkunde (Lore),Basim widerruft öffentlich oder schweigt (beeinflusst SQ_111),"Beide Verträge gehen auf einen Mustervertrag zurück, den ein Kontor-Notar vor vierzig Jahren aufsetzte – mit einer Klausel, die Echos „als Inventar des Salzgartens“ führt. Der Notar lebt noch, in Mirsaan. Ennis will ihn bloßstellen; der Wärter will ihn verstehen."
SQ_111,Salz und Freiheit,NPC_ENNIS|Ennis Rook (Kurierin),SET_V_HARRAD,6,0,60,Act>=Akt II & Quest.MQ_A1_04 & Rank.F04>=4 & Quest.SQ_110,–,1550,2000,F04 +400,Titel „Salzbrecher“; Hain-Dekor ITM_DECO_SALTCRYSTAL,Salzgärten arbeiten mit freiwilligen Echos gegen Lohn; Salzfest als Weltereignis (R04/R06),"Mit oder ohne Widerruf: Die Salzgärten in Harrâd und Tangwerft sollen an einem Tag die Echos freigeben. Ennis organisiert, Wiebke (Kontor) prüft die Verträge, die Salzsieder fürchten den Ruin. Der Wärter steht dazwischen und hält am Ende eine Rede in der Oase."
SQ_112,Die Zelle in Mirsaan,NPC_FS_ZELLE_MIRSAAN|Zelle Mirsaan (Freie Stimmen),SET_V_MIRSAAN,4,0,35,Act>=Akt II & Quest.MQ_A1_04,Weather=Sandstorm,1050,2000,F04 +150,ITM_CON_REPEL ×3; Zellen-Schnellreisepunkt Mirsaan,"Neues Versteck (verborgener Ort, Rückkehr)","Die Freie-Stimmen-Zelle in Mirsaan versteckt ein Dutzend Echos, die aus Arbeitslagern geflohen sind. Ein Sandsturm hat ihr Versteck freigelegt. Der Wärter hilft, ein neues zu finden – mit Grabreiten unter die Dünen."
SQ_113,Die Erzwaage,NPC_R05_VOLK|Erzwaage Volk,SET_C_SCHLACKENWEHR,3,0,30,Act>=Akt II & Quest.MQ_A1_05,–,900,1950,F02 +150,ITM_MAT_SLAGSTEEL ×2; Kodex-Beobachtung Ambolt,Futterplatz für Ambolts; Arbeiter entlastet (Bark),Volk betreibt die Erzwaage des Kontors in Schlackenwehr. Seit Wochen fehlen kleine Mengen Slagsteel. Er verdächtigt die Arbeiter. Der Wärter findet Amboltspuren – die jungen Ambolts fressen Metallspäne und wachsen daran.
SQ_114,Das Pyrolm-Nest,NPC_SCHMIEDIN_ISOLDE|Schmiedin Isolde,SET_V_VORTHAX,2,0,25,Act>=Akt II,–,800,1700,–,ITM_FOOD_CHARCOAL ×5; ITM_EVO_EMBER,Pyrolm-Nest in Isoldes Hof oder am Strom,"Isolde findet jeden Morgen ein Pyrolm in ihrer Esse. Sie mag es, aber es frisst ihre Kohle. Der Wärter findet heraus, dass das Pyrolm sein Nest im Schlackenstrom verloren hat."
SQ_115,Nach dem Lager,NPC_R05_ITHREN|Wehrmarkt-Händler Ithren,SET_C_SCHLACKENWEHR,4,0,35,Act>=Akt III & Quest.MQ_A1_05 & Quest.MQ_A2_03,Time=Night,1500,2000,F02 +150,ITM_GEAR_TOOL_3; Lore „Lagerakte“,"Hallen werden Markt, Wärmehaus für Echos oder abgerissen","In Akt III, nach der Lagerbefreiung, stehen die Kontor-Hallen am Kraterrand leer. Ithren will sie als Markt nutzen; die Zunft will sie abreißen; die befreiten Echos kehren nachts zurück, weil sie dort Wärme finden."
SQ_116,Glockenguss,NPC_GIESSER_BRAM|Glockengießer Bram,SET_C_SCHLACKENWEHR,3,0,30,Act>=Akt II,–,900,1950,–,ITM_LURE_BELLCHIME; Hain-Dekor ITM_DECO_FORGEBELL,Neue Glocke läutet (eine der sechs Schmiedeglocken),"Jeder 12. Spieltag ist Glockenguss in Schlackenwehr. Diesmal springt die Form. Bram braucht ein Bassalt, das den Ton der neuen Glocke „vorsingt“, damit die Form im Klang gegossen werden kann."
SQ_117,Das Konsortium,NPC_MARIEKE|Marieke Holm,SET_C_SCHLACKENWEHR,5,0,45,Act>=Akt II & Quest.MQ_A1_05 & Quest.MQ_A2_03,–,1250,2000,F02 +150,ITM_GEAR_BAG_3; Konsortiumsakte (Lore),Konsortium verliert Kontorrechte (Kontor-Barks),"Marieke will wissen, wer hinter dem Lager-Konsortium steckt. Die Spur führt zu drei Kontor-Teilhabern – einer davon ist Bartol aus Saltrand. Der Wärter sammelt Beweise in Vorthax, Kaldra und an der Obsidianwacht."
SQ_118,Die Aschenacht,NPC_R05_SERAPHE|Thermenwirtin Seraphe,SET_C_SCHLACKENWEHR,4,9,35,Act>=Nachhall,Weather=Ashfall,1800,2000,–,Hain-Dekor ITM_DECO_ASHLANTERN; ITM_CON_WARM ×3,Aschenacht-Führungen (Weltereignis bei Ascheregen),"Im Nachhall fällt bei Ascheregen ein feines Leuchten über Ignareth: Aschgrims tanzen in den Flocken. Seraphe will das Schauspiel ihren Gästen zeigen, aber die Aschgrims verschwinden, sobald jemand näherkommt. Der Wärter findet einen Weg, zuzusehen, ohne zu stören."
SQ_119,Das Gelübde der Zunft,NPC_R05_KALDREX_GUILD|Zunftsprecherin Helka,SET_C_SCHLACKENWEHR,4,0,35,Act>=Akt II & Quest.MQ_A1_05,–,1050,2000,F02 +150,ITM_HELD_TONE_METAL; Rezept RCP_066,Zunft lehnt ab oder liefert harmlose Werkzeuge (Bark),"Die Schmiedezunft hat ein Gelübde gegen Waffen (seit den Siegelkriegen). Ein Kontor-Auftrag verlangt „Werkzeuge“, die verdächtig nach Stillstein-Fassungen aussehen. Helka bittet den Wärter, die Pläne zu prüfen."
SQ_120,Lavawächter in Not,NPC_KRATERWART_OSK|Kraterwart Osk,SET_O_KRATERRANDPOSTEN,5,0,35,Act>=Akt II,Weather=Heatwave,1050,2000,–,ITM_GEAR_BOOTS_3; ITM_EVO_EMBERCORE,Pyroluths nisten auf dem neuen Platz (sichtbar nach Ausbruch),"Alle drei Spieltage bricht der Ignar aus. Der Kraterrand-Posten kündigt es einen Tag vorher an. Diesmal ist ein Pyroluth-Gelege genau im Weg der Lava. Osk und der Wärter haben bis zum Ausbruch Zeit – Spielzeit, keine Echtzeit."
SQ_121,Die Kisten von gestern,NPC_MARIEKE|Marieke Holm,SET_C_SCHLACKENWEHR,4,7,40,Act>=Akt III & Quest.MQ_A1_05 & Quest.MQ_A2_07,–,1650,2000,F02 +150,Lore „Frachtweg nach Dorunsruh“; ITM_GEAR_TOOL_4,Marieke-Vignette im Epilog erhält eine Zeile,"In Akt III bittet Marieke den Wärter um einen Gefallen, der keiner ist: Sie will die Kisten aus MQ_A2_03 zurückverfolgen und wissen, wo sie gelandet sind. Je nachdem, was der Wärter damals tat, ist das ein Geständnis – oder eine Abrechnung."
SQ_122,Das Kraterherz träumt,NPC_R05_ASHA|Glutnarben-Tutorin Asha,SET_C_SCHLACKENWEHR,4,4,40,Act>=Akt II,–,1150,2000,–,Kodex-Eintrag Pyr'thagon (Seite 2); ITM_MAT_OBSIDIAN ×3,Ashas Traumtafeln in der Zunfthalle,"Asha hat Glutnarben – Zeichen, dass sie als Kind in einen Ausbruch geriet und ein Ignavyr sie trug. Sie glaubt, Pyr'thagon träumt in Bildern, die man im Obsidian sehen kann. Der Wärter sucht drei Obsidianflächen, in denen sich „Träume“ spiegeln."
SQ_123,Rauchzeichen,NPC_WILDWAECHTERIN_EILA|Wildwächterin Eila,SET_O_ASCHEHUETTE,3,0,30,Act>=Akt II & Quest.MQ_P03,Weather=Ashfall,900,1950,F03 +150,ITM_CON_CLEANSE ×2; ITM_TRAP_SHADE,"Fumels kehren zurück, Vieh erholt sich (Bark)","Eila leitet die Aschehütte. Seit dem letzten Ausbruch kommen Fumels aus dem Krater ins Tal und lassen Vieh verstummen. Die Bauern wollen sie vertreiben. Eila glaubt, die Fumels fliehen vor etwas."
SQ_124,Thermen für alle,NPC_R05_SERAPHE|Thermenwirtin Seraphe,SET_C_SCHLACKENWEHR,2,9,25,Act>=Nachhall,–,1450,2000,–,ITM_FOODC_STEW ×2; Hain-Dekor ITM_DECO_HOTSPRING,Echo-Becken in den Thermen (Ambient),"Im Nachhall will Seraphe die Thermen für Echos öffnen – ein Becken nur für sie. Die Stammgäste murren. Der Wärter überzeugt die Gäste mit einem Nachmittag, an dem Echos und Menschen nebeneinander baden."
SQ_125,Die Obsidianklamm-Brücke,NPC_WILDWAECHTERIN_EILA|Wildwächterin Eila,SET_O_ASCHEHUETTE,4,0,35,Act>=Akt II & Quest.MQ_P03,Time=Day,1050,2000,F03 +150,ITM_GEAR_BOOTS_3; ITM_MAT_OBSIDIAN ×2,Neue Brücke (Data Layer),Die Hängebrücke über die Obsidianklamm ist gerissen; Obsidrax nisten auf beiden Seiten und lassen niemanden die Ankerpunkte erreichen. Eila braucht die Brücke für Rettungseinsätze.
SQ_126,"Drusen, die summen",NPC_KRISTALLKUNDLERIN_MAJA|Kristallkundlerin Maja,SET_V_KALDRA,3,0,30,Act>=Akt II,Weather=Thunderstorm,900,1950,–,ITM_KS_052; ITM_MAT_SULFURCRYSTAL ×3,Gewitter-Warnnetz in Kaldra (Glocken vor Gewitter),"Drusils lassen Kristalldrusen in Gesteinsblasen wachsen. Maja hat herausgefunden, dass die Drusen summen, wenn ein Gewitter naht. Sie will ein Frühwarnnetz bauen – mit Drusen, nicht mit gefangenen Echos."
SQ_127,Was die Freien bauen,NPC_TAVESH|Tavesh Amaru,SET_C_SCHLACKENWEHR,4,0,40,Act>=Akt III & Quest.MQ_A1_04 & Quest.MQ_A2_03,–,1650,2000,F04 +150,Hain-Dekor ITM_DECO_FREEHOUSE; ITM_CON_STAMINA ×3,"Haus der Freien Stimmen in Kaldra (offen, sichtbar)","In Akt III bitten die Freien Stimmen den Wärter, ihnen beim Bau eines Hauses für befreite Echos in Kaldra zu helfen – ihr erstes offenes Haus. Die Zunft liefert Metall, wenn der Wärter für die Freien bürgt."
SQ_128,Die Esse-Probe,NPC_KALDREX|Kaldrex Vorn,SET_C_SCHLACKENWEHR,5,0,35,Act>=Akt II & Akkorde>=6,–,1050,2000,–,ITM_HELD_TONE_EMBER; ITM_HELD_EMBERCORE,Kaldrex-Barks; Essentraining,"Kaldrex' Schmiedeprobe (CANON §54): drei Kämpfe an der Großen Esse, in denen jede dritte Runde Glutboden entsteht. Danach erzählt Kaldrex, warum er das Lager-Tor nie schloss."
SQ_129,Die Glut im Keller,NPC_FS_ZELLE_SCHLACKENWEHR|Zelle Schlackenwehr,SET_C_SCHLACKENWEHR,4,0,35,Act>=Akt II & Quest.MQ_A1_04,Time=Night,1050,2000,F04 +150,ITM_CON_WARM ×3; Kodex-Beobachtung Nucleox,Nucleox im Krater sichtbar (nachts),"Die Zelle der Freien Stimmen in Schlackenwehr versteckt in einem Keller ein Nucleox – ein sehr seltenes Echo, das jemand als Energiequelle für eine illegale Schmiede missbrauchte. Es glüht zu stark; der Keller wird zur Falle."
SQ_130,Ein Lied für Kaldra,NPC_TAVESH|Tavesh Amaru,SET_V_KALDRA,3,9,30,Act>=Nachhall & Quest.MQ_A1_04,–,1650,2000,F04 +150,Hain-Dekor ITM_DECO_KALDRASONG; ITM_LURE_WHISTLE,Lied als Musikvariante in Kaldra,"Im Nachhall feiert das Haus in Kaldra seinen ersten Jahrestag. Tavesh will ein Lied, das Echos und Menschen gemeinsam singen. Der Wärter sammelt Rufe von fünf befreiten Echos und setzt sie zusammen."
SQ_131,Der Volket-Zaun,NPC_FS_ZELLE_SCHLACKENWEHR|Zelle Schlackenwehr,SET_C_SCHLACKENWEHR,4,0,35,Act>=Akt II & Quest.MQ_A1_04,Weather=Thunderstorm,1050,2000,F04 +150,ITM_TRAP_CHIME; ITM_HELD_TAKTRING,Volkets frei; Zaun bleibt mit Blitzableiter statt Ketten,"Ein Landbesitzer hat Volkets an einen Metallzaun gekettet, um ihn mit Blitz aufzuladen. Die Zelle will die Volkets befreien, ohne dass der Besitzer sie erneut fängt. Der Wärter sucht einen Weg, den Besitzer zu überzeugen – oder zu überlisten."
SQ_132,Die Briefe aus Hvitmark,NPC_AEVRIN|Aevrin Thal,SET_C_HVITMARK,5,6,45,Act>=Akt II & Quest.MQ_A1_07 & Rank.F01>=4 & Quest.SQ_099 & Quest.MQ_A2_07,–,1250,2000,F01 +150,Lore „Venns Briefe“ (TruthLevel 6); ITM_CON_SENSE ×2,"Sereth-Szene in MQ_A2_08 erhält eine Zeile, falls der Wärter ihr die Briefe zeigt","Aevrins Akten führen nach Hvitmark: Venn schrieb über Jahre Briefe an „eine Überlebende der Klangpest“ – an Sereth. Runa die Erinnernde bewahrt Abschriften, weil sie alle Briefe der Stadt aufbewahrt. Der Wärter liest, was Venn Sereth versprach."
SQ_133,Snevel im Spiegelsee,NPC_R07_ASKEL|Eisfischer Askel,SET_C_HVITMARK,2,0,25,Act>=Akt II,Time=Dusk,800,1700,–,ITM_FOOD_ICEFISH ×5; Kodex-Beobachtung Snevel (Tausch),Askel tauscht weiter (Bark); Eisfiguren als Hain-Dekor kaufbar,"Askel fischt im Spiegelsee durch Eislöcher. Snevels klauen seine Köder – und lassen ihm dafür kleine Eisfiguren da. Askel will wissen, ob das ein Tausch ist. Der Wärter beobachtet und findet: Ja, und die Figuren sind Fische."
SQ_134,Lawinenwinter,NPC_GLETSCHERWART_TORA|Gletscherwartin Tora,SET_O_GLETSCHERWACHT,4,0,40,Act>=Akt II & Quest.MQ_P03,Weather=Snow,1150,2000,F03 +150,ITM_GEAR_CLOAK_3; ITM_CON_WARM ×3,"Hallkid-Warnkette (Ruf bei Gefahr, Ambient)","Ein schwerer Schneefall droht die Gletscherzunge abbrechen zu lassen. Darunter liegt Eiðvik-Neu. Tora braucht Messungen am Gletscher und eine Warnkette mit Hallkids, deren Rufe weit tragen."
SQ_135,Namen auf dem Stein,NPC_R07_RUNA|Runa die Erinnernde,SET_C_HVITMARK,3,7,30,Act>=Akt III,Weather=Aurora,1350,2000,–,Hain-Dekor ITM_DECO_NAMESTONE; Kodex-Beobachtung Uvarn,Name auf dem Klangpest-Mahnmal ergänzt,"In Akt III bittet Runa den Wärter, einen Namen zu finden, der im Polarlicht von MQ_A2_04 fehlte. Ein Uvarn soll ihn kennen – wer seinen Ruf hört, erinnert sich an einen vergessenen Namen."
SQ_136,Spuren am Pass,NPC_GLETSCHERWART_TORA|Gletscherwartin Tora,SET_O_PASSHUETTE,3,0,30,Act>=Akt II & Quest.MQ_P03,Weather=Snow,900,1950,F03 +150,ITM_EMAT_STILLSHARD; ITM_GEAR_BOOTS_3,Ordensposten geräumt; Kjalmurs ziehen zurück,"An der Passhütte kommen Kjalmurs aus dem Hochland ins Tal, viel zu früh. Tora vermutet, dass etwas sie vertreibt. Der Wärter folgt den Spuren zurück und findet einen Ordensposten, der Stillsteine im Schnee lagert."
SQ_137,Die Polarlichtnacht,NPC_R07_YLVA|Ylva (Wollstube),SET_C_HVITMARK,3,0,30,Act>=Akt II,Weather=Aurora,900,1950,–,ITM_LURE_AURORAGLASS; Hain-Dekor ITM_DECO_AURORALANTERN,Polarlichtnacht als Weltereignis,"Wenn das Polarlicht über Hvitmark steht, ziehen die Familien auf den Spiegelsee und singen für die Toten von Eiðvik. Ylva fehlen Laternen aus Lysmara-Licht. Der Wärter bittet die Lysmaras, ihr Licht zu teilen."
SQ_138,Die Wacht am Isvaldtind,NPC_GLETSCHERWART_TORA|Gletscherwartin Tora,SET_O_ISVALDTINDBIWAK,5,9,45,Act>=Nachhall & Quest.MQ_P03,Time=Night,2200,2000,F03 +150,Titel „Gipfelwacht“; ITM_GEAR_CLOAK_4,Biwak als Schnellreisepunkt,"Im Nachhall richtet die Wildwacht am Isvaldtind ein Biwak ein, um den Gletscherdom zu bewachen, unter dem Isv'aldr wacht oder schläft. Tora will den Weg sicher machen – mit Seilen, Kjalgrund-Spuren und einer Nacht auf dem Gipfel."
SQ_139,Der Spiegel unter dem See,NPC_R07_EIRIK|Silberschmied Eirik,SET_C_HVITMARK,4,0,35,Act>=Akt II,Weather=Fog,1050,2000,–,ITM_EVO_AURORATHREAD; Klangfragment (TruthLevel 0),Eiriks Silberarbeiten zeigen das alte Eiðvik (Laden),"Eirik behauptet, unter dem Spiegelsee liege ein zweiter See – ein Spiegel aus Eis, der zeigt, was vor der Klangpest war. Bei Nebel ist er durch die Eislöcher zu sehen. Der Wärter taucht mit Atemmaske unter das Eis."
SQ_140,Rentiere aus Klang,NPC_HIRTE_HALVAR|Hirte Halvar (Wildwacht-Helfer),SET_V_FJALLSTAD,3,0,30,Act>=Akt II & Quest.MQ_P03,Time=Day,900,1950,F03 +150,ITM_FOOD_ALPINECHEESE ×3; Kodex-Beobachtung Vardholm (Leittier),Herde zieht geordnet (Ambient),"Vardholms ziehen jedes Jahr über das Fjallstad-Tal. Dieses Jahr fehlt der Leitbulle, und die Herde irrt. Halvar, der für die Wildwacht die Herden zählt, vermutet Wilderer. Der Wärter findet den Bullen in einer Gletscherspalte – lebendig, aber eingeklemmt."
SQ_141,Thing-Streit,NPC_R07_ASTRID|Sprecherin Astrid Eiðsen,SET_C_HVITMARK,4,7,40,Act>=Akt III,–,1650,2000,–,Titel „Thingredner“; ITM_LURE_BELLCHIME,"Thing-Beschluss: Verbot, Duldung mit Auflagen oder „Stille Häuser“ (dritte Lösung); Barks in Hvitmark","Alle zehn Spieltage tagt das Thing von Hvitmark. Nach dem Verrat fordern Ordensanhänger, dass die Stadt die Stillsteine weiter duldet – „nur noch freiwillig“. Wärter und Wildwacht wollen ein Verbot. Astrid bittet den Wärter, vor dem Thing zu sprechen, nachdem er beide Seiten gehört hat."
SQ_142,Schlitten ohne Rast,NPC_FS_ZELLE_HVITMARK|Zelle Hvitmark (Freie Stimmen),SET_C_HVITMARK,4,0,35,Act>=Akt II & Quest.MQ_A1_04,Weather=Snow,1050,2000,F04 +150,ITM_FOOD_ICEFISH ×3; ITM_CON_STAMINA ×2,Kjalfs ziehen nur noch tagsüber mit Ruhezeiten (oder sind frei),"Ein Eisfisch-Händler lässt Kjalfs Tag und Nacht Schlitten über den Spiegelsee ziehen. Die Zelle der Freien Stimmen will die Kjalfs nachts losschneiden. Der Wärter beobachtet erst – und findet heraus, dass der Händler selbst kurz vor dem Ruin steht."
SQ_143,Eiðvik-Neu baut auf,NPC_HALLA|Halla (Eiðvik-Neu),SET_V_EIDVIKNEU,3,0,35,Act>=Akt II,–,1050,2000,–,Hain-Dekor ITM_DECO_EIDVIKBEAM; ITM_MAT_FROSTPINE ×4,Gemeinschaftshaus in Eiðvik-Neu (Data Layer); Halla erzählt Besuchern von früher,"Halla hat die Klangpest als Kind überlebt und lebt seitdem in Eiðvik-Neu. Das Dorf will ein Gemeinschaftshaus bauen, aber niemand traut sich, Holz aus dem alten Eiðvik zu holen. Der Wärter begleitet Halla in die Ruinen – sie will selbst gehen."
SQ_144,Die Schwester im Kloster,NPC_SCHWESTER_IVRA|Schwester Ivra,LOC_KLOSTER_SCHWEIGFELS,3,7,40,Act>=Akt III & Quest.MQ_A2_07 & Quest.SQ_067,–,1650,2000,F05 +150,ITM_CON_WARM ×2; Kodex-Fragment „Gelübde und Familie“,Gunnhild besucht Fjallstad (Nachhall) oder schreibt Briefe (Bark),"Leif aus Fjallstad hat seine Schwester Gunnhild seit Jahren nicht gesprochen – sie trat dem Orden bei und legte das Schweigegelübde ab. Nach dem Verrat fragt Ivra, ob der Wärter Leifs Brief überbringen will. Gunnhild antwortet auf ihrer Schiefertafel."
SQ_145,Was das Eis behält,NPC_R07_RUNA|Runa die Erinnernde,SET_C_HVITMARK,3,9,35,Act>=Nachhall,Time=Night,1800,2000,–,Kodex-Fragment „Eisgedächtnis“; ITM_EVO_AURORATHREAD,Uvasil-Plätze als Beobachtungspunkte (Kodex),"Im Nachhall bemerkt Runa, dass Uvasils – Leere-Frost-Echos – sich an den Stellen sammeln, wo früher Stillsteine lagen. Sie fragt sich, ob das Eis die Stille „behält“. Der Wärter beobachtet drei Plätze und vergleicht sie mit Ordensakten."
SQ_146,Der Pass der Schweigenden,NPC_SCHWESTER_IVRA|Schwester Ivra,LOC_KLOSTER_SCHWEIGFELS,4,7,40,Act>=Akt III & Quest.MQ_A2_07 & Quest.SQ_144,Weather=Snow,1650,2000,F05 +150,ITM_GEAR_CLOAK_4; Kodex-Fragment „Novizen“,Sechs Novizen in Schweigfels (Gesten-Barks),"Venn-treue Ordensleute halten den oberen Pass. Sechs Novizen wollen nach Schweigfels zu Sereth, ohne Kampf. Ivra führt sie, der Wärter sichert den Weg – im Schneesturm, mit Hallkids als Rufkette."
SQ_147,Aurora-Fotografie,NPC_FOTOGRAFIN_SIGNE|Fotografin Signe (Akademie),SET_C_HVITMARK,3,0,30,Act>=Akt II,Weather=Aurora,900,1950,–,ITM_GEAR_LENS_3; Hain-Dekor ITM_DECO_AURORAPRINT,"Foto in der Akademie-Ausstellung (Dorunsruh, Nachhall)","Signe will das erste Foto eines Lysthane im Polarlicht für die Akademie-Ausstellung. Lysthanes erscheinen nur, wenn die Aurora singt – und fliehen vor Kameras, die klicken. Der Wärter lernt, mit der Kodex-Linse lautlos zu arbeiten."
SQ_148,Ulreks Buße,NPC_SCHWESTER_IVRA|Schwester Ivra,LOC_KLOSTER_SCHWEIGFELS,5,7,45,Act>=Akt III & Quest.MQ_A2_07 & Quest.SQ_146,–,1800,2000,F05 +150,ITM_EMAT_STILLSHARD ×2; Kodex-Fragment „Ulrek“,Ulrek arbeitet für die Wildwacht (Nachhall-Bark) oder bleibt im Kloster,"Ulrek, einst Gegner des Wärters, will die Stillsteine bergen, die er selbst gesetzt hat. Er kennt jeden Ort. Er bittet nicht um Vergebung, nur um Begleitung – „damit jemand sieht, dass es getan wird“."
SQ_149,Sigruns Eisprobe,NPC_SIGRUN|Sigrun Fjall,SET_C_HVITMARK,5,0,35,Act>=Akt II & Akkorde>=6,–,1050,2000,–,ITM_HELD_TONE_FROST; ITM_KS_062,Sigrun-Barks; Eistraining,"Sigrun lädt zur Eisprobe auf dem Spiegelsee: zwei Kämpfe, bei denen jeder dritte Zug auf dem Eis rutscht und die Formation durcheinanderwirft. Danach erzählt sie von ihrer Großmutter, die die Klangpest überlebte."
SQ_150,Gast der Stille,NPC_SCHWESTER_IVRA|Schwester Ivra,LOC_KLOSTER_SCHWEIGFELS,5,7,55,Act>=Akt III & Quest.MQ_A2_07 & Quest.SQ_148,–,2100,2000,F05 +400,Titel „Gast der Stille“; Hain-Dekor ITM_DECO_VEILEDWELL,Kloster öffnet den Hof für Besucher; Stille Stunde täglich (K47 REP_STILLHOUR),"Am Ende der Kette lädt Sereth den Wärter ein, eine Stille Stunde mit dem ganzen Kloster zu verbringen – nicht als Bekehrung, sondern als Dank. Danach spricht Sereth zum ersten Mal vor allen Ordensleuten laut: über Venn, über Schuld, über eine Stille, die niemanden zwingt."
SQ_151,Die Pause im Gletscher,NPC_SCHWESTER_IVRA|Schwester Ivra,LOC_KLOSTER_SCHWEIGFELS,4,9,45,Act>=Nachhall & Quest.MQ_A2_07 & Rank.F05>=2,–,2200,2000,F05 +150,Kodex-Fragment „Orte der Pause I“; ITM_LURE_TUNINGFORK,Gletscherspalte als Ort der Pause (Rückkehr),"Nach dem Finale sagt Ivra, dass man die Pause an manchen Orten hören kann – dort, wo Velnox den Riegel berührte. Der erste ist eine Spalte im Gletscher. Wer dort still ist, hört zwischen zwei Tönen etwas, das kein Ton ist."
SQ_152,Das Rektorat,NPC_AEVRIN|Aevrin Thal,SET_C_DORUNSRUH,5,6,45,Act>=Akt II & Quest.MQ_A1_07 & Rank.F01>=4 & Quest.SQ_132 & Quest.MQ_A2_07,–,1250,2000,F01 +150,Lore „Venns Kindheit“ (TruthLevel 6); ITM_CON_SENSE ×2,Akte für den Bundesrat; Venn-Barks in Dorunsruh werden nachdenklicher,"Aevrin öffnet Venns Rektorat. Zwischen Messprotokollen liegen Kinderzeichnungen – ein Keller, Echos über einer brennenden Stadt. Aevrin will Fakten für den Bundesrat; der Wärter findet auch den Menschen hinter den Fakten."
SQ_153,Der Tikkel im Uhrwerk,NPC_UHRMACHER_ODIL|Uhrmacher Odil,SET_V_SAEULENRAST,2,0,25,Act>=Akt II,–,800,1700,–,ITM_HELD_TAKTRING; Kodex-Beobachtung Tikkel,"Die Säulenuhr schlägt die Stunden (Ambient, Säulenrast)","Die alte dorunische Säulenuhr von Säulenrast tickt wieder – zum ersten Mal seit Jahrhunderten. Odil findet darin eine Tikkel-Familie, die die Zahnräder als Nest nutzt und bewegt. Er will die Uhr reparieren, ohne die Tikkels zu vertreiben."
SQ_154,Akten für den Bundesrat,NPC_AEVRIN|Aevrin Thal,SET_C_DORUNSRUH,6,6,60,Act>=Akt II & Quest.MQ_A1_07 & Rank.F01>=4 & Quest.SQ_152 & Quest.MQ_A2_07,–,1550,2000,F01 +400,Titel „Zeuge des Bundes“; ITM_GEAR_RESONATOR_4,"Bundesrat stellt die Akademie unter Aufsicht (Nachhall: kommissarisch Aevrin, K47)","Aevrin legt die Akte über Venn dem Bundesrat vor – per Klangbrief aus Dorunsruh, mit dem Wärter als Zeugen. Die Räte streiten, ob die Akademie aufgelöst werden soll. Aevrin will nicht Venn retten, sondern die Akademie."
SQ_155,Neumond der Skrivs,NPC_GLYPHENSTUDENTIN_MAREK|Glyphenstudent Marek,SET_V_THAELUUN,3,0,30,Act>=Akt II,Moon=New,900,1950,–,ITM_EVO_GLYPHSHARD; Kodex-Fragment „Skriv-Korrektur“,Neumond der Skrivs als Weltereignis (WE_SKRIV_NEWMOON),"Bei Neumond schreiben Skrivs leuchtende Glyphen in die Luft über Thae'Luun. Marek glaubt, sie schreiben ab – Glyphen von den Säulen. Der Wärter vergleicht und findet einen Fehler, den die Skrivs korrigieren."
SQ_156,Studentenstreik,NPC_STUDENTIN_HELKE|Studentin Helke,SET_C_DORUNSRUH,4,7,40,Act>=Akt III & Quest.MQ_A1_07,–,1650,2000,F01 +150,ITM_KS_064; Hain-Dekor ITM_DECO_STRIKEBANNER,Ethikgremium der Akademie (K47 Nachhall-Zustand),"In Akt III streiken die Studierenden der Akademie: Sie wollen offene Archive, ein Ethikgremium für Echo-Forschung und kein Wort mehr von „Ordnung“. Die Professorenschaft ist gespalten. Helke bittet den Wärter, mit beiden Seiten zu reden."
SQ_157,Glyphen-Übersetzung,NPC_R08_AEVRIN_TUTOR|Professor Thal (Sprechstunde),SET_C_DORUNSRUH,4,7,45,Act>=Akt II & Quest.MQ_A2_10,–,1250,2000,–,Lore „Ansprache des Erstchors“ (TruthLevel 7); ITM_LURE_GLYPHTOKEN,Text in der Akademie-Bibliothek; Klangfragment wird entzerrt,"Zehn Glyphentafeln, verteilt über Dorunsruh, Thae'Luun und das Archontenviertel, ergeben zusammen einen Text – die letzte Ansprache des Erstchors vor der Großen Stille. Aevrin übersetzt seit Jahren. Der Wärter findet die Tafeln; das Lesen gelingt erst mit dem Akkord von Dorunsruh."
SQ_158,Kaels Forschungsarbeit,NPC_PELL|Archivarin Pell,SET_C_DORUNSRUH,4,0,40,Act>=Akt II & Quest.MQ_A1_07,–,1150,2000,F01 +150,ITM_KS_066; Kodex-Fragment „Hören ohne Gabe“,Kaels Arbeit in der Bibliothek; KAEL_TRUST-Dialoge in Akt III erhalten einen Rückbezug,"Kael hat in Dorunsruh an einer Arbeit geschrieben: „Hören ohne Gabe“. Vor dem Verrat bittet er den Wärter, Versuche zu bezeugen; danach findet Pell die halbfertige Arbeit in seinem verlassenen Labor und bittet den Wärter, sie zu lesen, bevor sie archiviert wird. Beide Fassungen enden mit derselben Frage."
SQ_159,Chronaires Uhr,NPC_UHRMACHER_ODIL|Uhrmacher Odil,SET_V_SAEULENRAST,4,9,40,Act>=Nachhall,Time=Day,2000,2000,–,Kodex-Eintrag Chronaire (Gerücht); ITM_LURE_TUNINGFORK,Spur „Chronaire“ im Kodex aktiv (K62),"Im Nachhall läuft die Säulenuhr manchmal rückwärts – genau eine Minute, jeden Mittag. Odil hält es für einen Defekt. Der Wärter erkennt eine Spur: Chronaire, das Mythische der Zeit, prüft die, die es suchen, mit Zeitherausforderungen (K62)."
SQ_160,Die Prüfung der Hörerin,NPC_KIND_TAMSIN|Tamsin (Hörerin),SET_C_DORUNSRUH,3,0,30,Act>=Akt II & Quest.MQ_A1_07 & Quest.SQ_051,–,900,1950,F01 +150,ITM_GEAR_LENS_3; Kodex-Beobachtung Thaelit,Tamsin besteht; Bark-Kette über „die Hörerin aus dem Moor“,"Eine junge Hörerin, Tamsin aus Fennhaven (SQ_051), studiert jetzt in Dorunsruh – mit Stipendium der Wildwacht. Sie fürchtet ihre Kodex-Prüfung und bittet den Wärter, mit ihr zu üben: draußen, nicht im Hörsaal."
SQ_161,Der Hehler,NPC_R08_GRAVE|Hehler Grave,SET_C_DORUNSRUH,4,0,40,Act>=Akt II,Time=Night,1150,2000,–,ITM_HELD_LASTBREATH; Kodex-Beobachtung Sarkon,Ring zurück im Nest; Grave handelt vorsichtiger (oder schließt),"Grave handelt mit Fundstücken aus den Ruinen – meist harmlos, manchmal nicht. Er bietet dem Wärter einen Klangsplitter-Ring an, der einem Sarkon gestohlen wurde, dessen Nest nun leer klingt. Grave sagt, er habe es ehrlich gekauft. Er lügt nicht ganz."
SQ_162,Venns leeres Zimmer,NPC_AEVRIN|Aevrin Thal,SET_C_DORUNSRUH,3,7,30,Act>=Akt III & Quest.MQ_A1_07,–,1350,2000,F01 +150,Kodex-Fragment „Ein Brief an die Eltern“,"Gedenkraum der Siegelkriege in Dorunsruh; Venns Brief liegt aus, verbrannt oder ist im Epilog bei ihm","In Akt III bittet Aevrin den Wärter um etwas Seltsames: Venns privates Zimmer aufzuräumen, bevor die Studierenden es zum Gedenkraum für die Opfer der Siegelkriege machen. Es ist ein einfaches Zimmer. An der Wand: ein Brief an seine Eltern, nie abgeschickt."
SQ_163,"Der Bruder, der spricht",NPC_BRUDER_ODVAR|Bruder Odvar,SET_V_SAEULENRAST,2,0,25,Act>=Akt II,Time=Dusk,800,1700,–,Hain-Dekor ITM_DECO_WORDBOX; Kodex-Fragment „Odvars Wörter“,Odvar liest Besuchern die Wörter vor (Bark),"Bruder Odvar spricht außerhalb des Klosters, weil sein Gelübde nur innerhalb der Mauern gilt. Er sammelt Wörter, die Menschen nie mehr sagen – „weil man sie aufbewahren muss, wenn man schweigt“. Der Wärter hilft, drei solche Wörter zu finden."
SQ_164,Die große Stille am Archontenviertel,NPC_WILDWAECHTER_BOAZ|Wildwächter Boaz,SET_O_ARCHONTENWACHT,5,0,45,Act>=Akt II & Quest.MQ_P03 & Quest.MQ_A2_09,–,1250,2000,F03 +150,ITM_GEAR_RESONATOR_4; Titel „Kernheiler“,Archontenviertel als begehbare Ruine (Data Layer),"Die Archontenwacht bewacht die größte Stillezone des Kontinents. Nach der Heilung durch den Akkord bleibt ein Kern, den kein Wärter allein schließen kann. Boaz organisiert einen Heilkreis aus Wildwacht, Akademie und – auf Wunsch des Wärters – Ordensleuten."
SQ_165,Der Wächter ohne Splitter,NPC_DR_IMKE_VAEL|Dr. Imke Vael,SET_V_THAELUUN,3,9,35,Act>=Nachhall,–,1800,2000,–,Kodex-Fragment „Der Wächter ohne Splitter“; ITM_HELD_SHIELDBROOCH,Thaelarch bewacht nun den Gedenkraum oder die Kinder von Thae'Luun (Ambient),"Im Nachhall steht Thaelarch noch immer vor dem leeren Thron. Imke Vael fragt, was ein Wächter tut, wenn es nichts mehr zu bewachen gibt. Der Wärter beobachtet ihn über drei Tage."
SQ_166,Gefangene Gelehrsamkeit,NPC_FS_ZELLE_DORUNSRUH|Zelle Dorunsruh (Freie Stimmen),SET_C_DORUNSRUH,5,6,45,Act>=Akt II & Quest.MQ_A1_04 & Quest.MQ_A2_07,–,1250,2000,F04 +150,ITM_CON_CLEANSE ×3; Laborakte (Lore),"Labor wird Ruheort für Echos (Akademie, Nachhall)","Unter Venn liefen in einem Nebenlabor Versuche mit verstummten Echos. Nach dem Verrat ist das Labor versiegelt – mit den Echos darin. Die Freien Stimmen wollen einbrechen; Aevrin würde öffnen, braucht aber Tage für die Genehmigung."
SQ_167,Die Bibliothek der Resonanz,NPC_DR_IMKE_VAEL|Dr. Imke Vael,SET_V_THAELUUN,3,0,35,Act>=Akt II,Time=Night,1050,2000,–,Kodex-Funktion „Klangarchiv“ (Rufe aller registrierten Arten abspielbar); ITM_KS_067,Bibliothek der Resonanz in Thae'Luun (Lore-Sammelort),"Dr. Imke Vael, Nachfahrin des Taxonomen, baut in Thae'Luun eine „Bibliothek der Resonanz“: Klangproben aller Arten. Sie bittet um Proben aus drei Regionen und um Hilfe beim Katalog. Wer ihr hilft, erhält eine Kopie für den eigenen Kodex."
SQ_168,Hymnoras Chor,NPC_FS_ZELLE_DORUNSRUH|Zelle Dorunsruh (Freie Stimmen),SET_C_DORUNSRUH,4,7,40,Act>=Akt III & Quest.MQ_A1_04,Time=Dusk,1650,2000,F04 +150,Hain-Dekor ITM_DECO_CHOIRSTONE; ITM_LURE_WINDCHIME,"Freier Chor auf dem Säulenfeld (Ambient, Dämmerung)","In Akt III wollen die Freien Stimmen und die Studierenden einen Chor aus Hymnoras gründen, die freiwillig singen – als Gegenbild zum Krone-Motiv. Hymnoras singen aber nur zusammen, wenn sie einander kennen. Der Wärter bringt drei Gruppen zusammen."
SQ_169,Glyphenduell,NPC_GLYPHENFECHTER_IVO|Glyphenfechter Ivo,SET_C_DORUNSRUH,5,0,35,Act>=Akt II & Akkorde>=7,–,1050,2000,–,ITM_HELD_TONE_ARCANE; ITM_KS_068,Glyphentraining im Hof,"Im Glyphenhof fordert Ivo, Aevrins Assistent, zum Duell nach alter Regel: Jede Fähigkeit hinterlässt eine Glyphe, die in der nächsten Runde wirkt. Zwei Kämpfe; wer Glyphen liest, gewinnt."
SQ_170,Die Kapelle im Archontenviertel,NPC_SCHWESTER_IVRA|Schwester Ivra,SET_O_ARCHONTENWACHT,3,9,35,Act>=Nachhall & Quest.MQ_A2_07 & Rank.F05>=2 & Quest.SQ_151,–,1800,2000,F05 +150,Kodex-Fragment „Orte der Pause II“,Kapelle als Ort der Pause,"Die zweite Station der Pause: Eine Ordenskapelle im Archontenviertel, in der die Stille seit dem Finale anders klingt. Ivra und Bruder Odvar warten dort mit einer Frage, die sie nicht aufschreiben wollen."
SQ_171,Schatten zwischen den Säulen,NPC_SCHWESTER_IVRA|Schwester Ivra,SET_V_THAELUUN,4,9,40,Act>=Nachhall & Quest.MQ_A2_07 & Rank.F05>=2 & Quest.SQ_170,Weather=Fog,2000,2000,F05 +150,Kodex-Fragment „Orte der Pause III“; ITM_TRAP_SHADE,Säulenfeld-Lücken als Ort der Pause,"Tilgels verschwinden im Nachhall zwischen den Säulen von Thae'Luun – nicht weg, sondern in die Pause zwischen zwei Säulen. Ivra glaubt, sie zeigen, wo man hören kann. Der Wärter folgt ihnen bei Nebel."
SQ_172,Der Thron ohne Krone,NPC_SCHWESTER_IVRA|Schwester Ivra,SET_C_DORUNSRUH,4,9,45,Act>=Nachhall & Quest.MQ_A2_07 & Rank.F05>=2 & Quest.SQ_171,–,2200,2000,F05 +150,Kodex-Fragment „Orte der Pause IV“; Klangfragment „Das Echo im Saal“,Thronsaal als Ort der Pause,"Die vierte Station: der Thronsaal. Wo Maedryn die Krone aufsetzte und Ilen die Pause öffnete, ist es jetzt einfach still. Ka'thurel erinnert sich – und zeigt dem Wärter eine Erinnerung, die nicht Maedryn gehört, sondern einem einfachen Echo im Saal."
SQ_173,Labore im Krater,NPC_LABORLEITERIN_SANNE|Laborleiterin Sanne (Akademie),SET_C_PRISMARA,4,7,40,Act>=Akt III & Quest.MQ_A1_07,–,1650,2000,F01 +150,ITM_GEAR_LENS_4; Kodex-Fragment „Puls“,Rat von Prismara verlagert Energie auf alte Lichtschächte,"Die Akademie-Labore in Prismara messen die Energiekrise. Sanne braucht Werte aus drei Tiefen, um zu zeigen, dass der Puls von den Missklang-Adern ausgeht – nicht, wie der Rat glaubt, von den Kristallmärkten."
SQ_174,Spatlings im Dunkeln,NPC_SCHLEIFERIN_NYX|Schleiferin Nyx,SET_V_QUARZGRUND,2,0,25,Act>=Akt III,Time=Night,1150,2000,–,ITM_GEAR_LANTERN_4; Kodex-Beobachtung Spatling,Spatling-Schutzraum in Quarzgrund; Licht kehrt zurück,"In Quarzgrund, 310 Meter unter dem Kraterrand, ist es dunkel – Nyx schleift bei Spatling-Licht. Seit der Energiekrise leuchten die Spatlings schwächer. Nyx glaubt, sie hungern; der Wärter findet heraus, dass sie sich vor dem Puls verstecken."
SQ_175,"Der Kristall, der zählt",NPC_LABORLEITERIN_SANNE|Laborleiterin Sanne (Akademie),SET_C_PRISMARA,3,9,35,Act>=Nachhall & Quest.MQ_A1_07,–,1800,2000,F01 +150,Kodex-Fragment „Zählkristall“; ITM_MAT_GLYPHCRYSTAL ×2,Sannes Messreihe je Ende verschieden (Kodex),"Im Nachhall misst Sanne, wie schnell die Missklang-Adern verheilen (Neues Lied) oder erstarren (Sanfte Stille). Sie hat einen Kristall gezüchtet, der zählt – jede Stunde ein Ton weniger Missklang."
SQ_176,Kristallpuls-Nacht,NPC_R09_SEREN|Seren Quarz (Stimmergilde),SET_C_PRISMARA,3,7,30,Act>=Akt III,Time=Night,1350,2000,–,Hain-Dekor ITM_DECO_PULSECRYSTAL; ITM_LURE_STARCHIME,Kristallpuls-Nacht findet statt (Weltereignis WE_PULSE_NIGHT),"Prismaras Fest: In einer Nacht pro Monat lässt die Stimmergilde alle Kristalle der Stadt im selben Takt pulsieren. Wegen der Energiekrise wollen sie es absagen. Seren bittet den Wärter, einen Takt zu finden, der den Puls der Adern ausgleicht statt verstärkt."
SQ_177,Psionits Traum,NPC_R09_SEREN|Seren Quarz (Stimmergilde),SET_C_PRISMARA,4,7,35,Act>=Akt III & Quest.MQ_A1_07,Time=Night,1500,2000,F01 +150,ITM_KS_071; Kodex-Beobachtung Psionit,Studie mit Einwilligungsregel (Ethikgremium SQ_156) oder abgebrochen,"Psionits träumen laut: In ihrer Nähe sehen Menschen Bilder. Seren will der Akademie erlauben, die Bilder aufzuzeichnen; der Wärter fragt erst, ob die Psionits das wollen. Eine Beobachtung entscheidet, ob die Studie stattfindet."
SQ_178,Spiegel ohne Bild,NPC_R09_QUILL|Glasbläserin Quill,SET_C_PRISMARA,3,9,35,Act>=Nachhall,Time=Dusk,1800,2000,–,Kodex-Eintrag Mirrowisp (Spur); ITM_LURE_MIRROR,"Spur „Mirrowisp“ im Kodex (K39, K62)","Quills Spiegel zeigen manchmal einen Schemen, der nicht im Raum ist. Im Nachhall häufen sich die Berichte. Der Wärter dokumentiert die Schemen – die ersten Spuren von Mirrowisp, die erst mit der Fotografie-Meisterschaft greifbar werden (K39 §6)."
SQ_179,Das Stimmer-Archiv,NPC_R09_BRANNOC_SR|Stimmwerkstatt Brannoc,SET_C_PRISMARA,3,7,30,Act>=Akt III & Quest.MQ_A1_07,–,1350,2000,F01 +150,ITM_LURE_TUNINGFORK; Rezept RCP_072,Archiv-Abschrift in der Akademie (oder nur in Prismara),"Die Stimmwerkstatt hütet ein Archiv aller Stimmgabeln, die je in Prismara gefertigt wurden. Die Akademie will es digital – in Kristallabschriften – sichern. Der Werkstattmeister misstraut der Akademie. Der Wärter vermittelt."
SQ_180,Die Stalakkord-Orgel,NPC_STEIGER_BRANNOC|Steiger Brannoc d. Ä.,SET_V_GLANZSCHACHT,4,0,40,Act>=Akt III,–,1650,2000,–,ITM_KS_073; Abkürzung Glanzschacht–Tiefe Resonanz,Neuer Gang (Data Layer); Orgel spielbar,"Unter Glanzschacht liegt eine Höhle, deren Tropfsteine Stalakkords tragen. Der alte Steiger erzählt, dass man auf ihnen spielen kann – eine Orgel aus Echos. Wer das richtige Lied spielt, öffnet einen Gang zur Tiefen Resonanz."
SQ_181,Kristallmarkt nach der Krise,NPC_R09_SEREN|Kristallmarkt Seren,SET_C_PRISMARA,3,9,30,Act>=Nachhall & Quest.MQ_A1_05,–,1650,2000,F02 +150,ITM_MAT_GLYPHCRYSTAL ×3; ITM_GEAR_BAG_4,Fairer Kristallpreis (Händlerpreise R09 stabil),"Im Nachhall ist die Energiekrise vorbei, aber der Kristallmarkt erholt sich nicht: Händler aus Saltrand kaufen billig, weil Prismara Geld braucht. Seren will einen fairen Preis – mit Hilfe des Kontors, ausgerechnet."
SQ_182,Brannocs Erbe,NPC_ILYX|Ilyx Brannoc,SET_C_PRISMARA,4,0,45,Act>=Akt III,Time=Night,1800,2000,–,Titel „Erbe der Lauscherin“; ITM_LURE_TUNINGFORK,Ilyx-Dialoge im Nachhall; Klirrathan erscheint häufiger in der Kaverne,"Ilyx ist ein Nachfahre der Lauscherin. Wer die Kette „Die Spur der Lauscherin“ abgeschlossen hat, bringt ihm deren Lied – das Ilyx nie ganz kannte. Ilyx und der Wärter sitzen eine Nacht neben einem Klirrathan, wie Brannoc 287 neben ihrem Echo saß."
SQ_183,Licht für die Oberwelt,NPC_KONTORAGENTIN_RIEKE|Kontoragentin Rieke,SET_C_PRISMARA,4,7,40,Act>=Akt III & Quest.MQ_A1_05,–,1650,2000,F02 +150,ITM_GEAR_LANTERN_4; ITM_CON_SENSE ×2,"Lichter in Prismara und an der Oberwelt stabil (globales Flackern endet, Data Layer)","Die Energiekrise lässt nicht nur Prismara flackern – auch die Lichter in Städten an der Oberwelt, die Prismara-Kristalle nutzen. Das Kontor will Ersatzkristalle aus Ignareth bringen. Der Wärter organisiert Lieferung und Einbau."
SQ_184,Missklang verheilt,NPC_LABORLEITERIN_SANNE|Laborleiterin Sanne (Akademie),SET_C_PRISMARA,3,9,30,Act>=Nachhall,Time=Night,1650,2000,–,Kodex-Fragment „Missklang verheilt“; Hain-Dekor ITM_DECO_MISSLITLAMP,Kodex Misslit: Nachhall-Verhalten je Ende,"Misslits waren Missklang-Kinder. Im Nachhall verändern sie sich: Im Neuen Lied werden sie heller, in der Sanften Stille stiller. Sanne bittet um eine letzte Beobachtungsreihe, bevor sie Prismara verlässt."
SQ_185,Glasbläser-Meisterwerk,NPC_R09_QUILL|Glasbläserin Quill,SET_C_PRISMARA,4,7,45,Act>=Akt III & Quest.MQ_A1_05,–,1800,2000,F02 +150,Rezept RCP_075 (Crafting V); Hain-Dekor ITM_DECO_GLASSHARP,Glasharfe im Kristallmarkt (spielbar),"Quill will ein Meisterwerk blasen: eine Glasharfe, auf der jedes Echo spielen kann. Dafür braucht sie Zutaten aus vier Regionen und einen Wärter, der Crafting-Stufe V beherrscht – oder bereit ist, es bei ihr zu lernen."
SQ_186,Klirrathans Gesang,NPC_FORSCHERIN_LIV|Meeresforscherin Liv,SET_O_KRISTALLSEELAGER,3,0,30,Act>=Akt III & Quest.SQ_083,Time=Night,1350,2000,–,ITM_KS_074; Kodex-Fragment „Mondzähler II“,Kodex verknüpft Aquadral und Klirrathan (Mondzähler),"Liv, die Aquadrals am Riff erforschte (SQ_083), ist nach Prismtiefen gekommen: Klirrathans singen am Kristallsee in Intervallen wie Aquadrals leuchten. Gibt es eine Verbindung zwischen Meer und Kristall?"
SQ_187,Das Rettungsseil,NPC_STEIGER_BRANNOC|Steiger Brannoc d. Ä.,SET_V_GLANZSCHACHT,4,9,40,Act>=Nachhall & Quest.MQ_P03,–,2000,2000,F03 +150,ITM_GEAR_TOOL_4; Wildwacht-Abzeichen „Grubenwehr“,"Grubenwehr Glanzschacht (Barks, schnellere Rettung bei Ereignissen)","Im Nachhall gründet Brannoc d. Ä. eine Grubenwehr mit der Wildwacht. Die Übung: ein simulierter Einsturz in Glanzschacht, mit Mullhorns als Stützen und Ligravors, die Lasten schweben lassen."
SQ_188,Ilyx' Brechungsprobe,NPC_ILYX|Ilyx Brannoc,SET_C_PRISMARA,6,0,40,Act>=Akt III & Akkorde>=9,–,1650,2000,–,ITM_HELD_TONE_CRYSTAL; ITM_KS_075,Brechungstraining,"Ilyx' Prismenhalle hat eine Brechungsregel: Fähigkeiten treffen gebrochen, ein Teil des Schadens geht auf das Nachbarziel. Die Probe besteht aus zwei Kämpfen und einem Rätsel, bei dem der Wärter Licht durch die Halle lenkt."
SQ_189,Verschüttete Stimmer,NPC_STEIGER_BRANNOC|Steiger Brannoc d. Ä.,SET_V_GLANZSCHACHT,5,7,45,Act>=Akt III & Quest.MQ_P03,–,1800,2000,F03 +150,ITM_GEAR_BOOTS_4; ITM_CON_HEAL_ALL ×2,Stollen gesichert; Stimmer-Barks,Ein Puls der Missklang-Adern hat einen Stollen in Glanzschacht einstürzen lassen; drei Stimmer der Gilde und ihre Facetins sind eingeschlossen. Diesmal ist es keine Übung.
SQ_190,Die Pause im Kristall,NPC_SCHWESTER_IVRA|Schwester Ivra,SET_C_PRISMARA,4,9,40,Act>=Nachhall & Quest.MQ_A2_07 & Rank.F05>=2 & Quest.SQ_172,–,2000,2000,F05 +150,Kodex-Fragment „Orte der Pause V“,Lücke im Kristall als Ort der Pause,"Die fünfte Station: In der Resonanzkammer, wo der zehnte Splitter lag, ist eine Lücke im Kristall – genau in der Form des Splitters. Wer hineinhorcht, hört die Pause am deutlichsten."
SQ_191,Orumas Sternkatalog,NPC_STERNWAERTER_ELUN|Sternwärter Elun (Lumeya),SET_O_STERNWARTEORUMA,3,7,35,Act>=Akt III & Quest.MQ_A1_07,Time=Night,1500,2000,F01 +150,ITM_LURE_STARCHIME; Kodex-Fragment „Himmel über Aerion“,Sternkatalog im Kodex (Himmelsereignisse vorhersagbar),"Elun aus Lumeya führt die Sternwarte Oruma. Die Akademie will ihren Sternkatalog – Aerion hat 1.000 Jahre isoliert beobachtet. Elun ist bereit, wenn die Akademie im Gegenzug den Bodenkatalog teilt. Der Wärter überbringt und prüft."
SQ_192,Lumaskiffs Heimweg,NPC_WINDSEGLERIN_RIA|Windseglerin Ria,SET_V_WOLKENRAST,3,0,30,Act>=Akt III,Weather=Thunderstorm,1350,2000,–,ITM_GEAR_GLIDER_4; Kodex-Beobachtung Lumaskiff,Lumaskiff-Schwarm sichtbar über Wolkenrast,Ein junges Lumaskiff hat im Gewitter die Windbänder verlassen und landet erschöpft in Wolkenrast. Ria kennt die Bänder; der Wärter kennt Echos. Gemeinsam bringen sie es zurück zu seinem Schwarm.
SQ_193,Notizen von der Kronenwerft,NPC_AEVRIN|Aevrin Thal,SET_O_KRONENWERFTWACHT,4,9,40,Act>=Nachhall & Quest.MQ_A1_07,–,2000,2000,F01 +150,Lore „Venns letzte Notiz“ (TruthLevel 9); ITM_GEAR_RESONATOR_5,Notizen in der Akademie; Venn-Epilog erhält Rückbezug,"Im Nachhall sammelt Aevrin für die Akademie Venns Arbeitsnotizen von der Kronenwerft. Viele sind verweht. Der Wärter findet sie zwischen den Steinen – und eine, die Venn nach dem Finale geschrieben haben muss."
SQ_194,Gewitterharfe,NPC_R10_AELIA|Windhändlerin Aelia,SET_C_AERION,3,0,30,Act>=Akt III,Weather=Thunderstorm,1350,2000,–,Hain-Dekor ITM_DECO_STORMHARP; ITM_LURE_WINDCHIME,Gewitterharfe als Weltereignis (WE_STORM_HARP),"Bei Gewitter spielen Harfions auf den Spannseilen der Windanker – eine Harfe aus Sturm. Aelia sagt, früher hätten die Baumeister dazu getanzt, bis die Isolation das Fest vergessen ließ. Der Wärter bringt das Fest zurück."
SQ_195,Das Archiv der Baumeister,NPC_R10_SIYEL_ARCHIVE|Archivar der Baumeister,SET_C_AERION,3,8,35,Act>=Akt III & Quest.MQ_A1_07 & Quest.MQ_A3_02,–,1500,2000,F01 +150,Lore „Kronenwerft-Pläne“ (TruthLevel 8); ITM_KS_077,Archiv teilweise offen für die Akademie (Nachhall),"Das Archiv der Baumeister ist älter als die Akademie. Die Baumeister misstrauen der Akademie – sie kennen Maedryn. Der Archivar zeigt dem Wärter Pläne der Kronenwerft, damit „jemand vom Boden versteht, warum wir schweigen“."
SQ_196,Aurelunes Sturmnacht,NPC_STERNWAERTER_ELUN|Sternwärter Elun (Lumeya),SET_V_LUMEYA,5,9,45,Act>=Nachhall,Weather=ResonanceStorm & Time=Night,2200,2000,–,Kodex-Eintrag Aurelune (Spur); ITM_LURE_AURORAGLASS,Spur „Aurelune“ im Kodex (K62),"Im Nachhall sieht Elun in Resonanzsturm-Nächten ein Licht, das zugleich Leere ist, über Lumeya. Er glaubt an Aurelune. Der Wärter wartet mit ihm – ein Sturm muss kommen, natürlich oder mit der Sturmstimmgabel (CANON §63)."
SQ_197,Wind gegen Fracht,NPC_R10_AELIA|Windhändlerin Aelia,SET_C_AERION,3,7,30,Act>=Akt III & Quest.MQ_A1_05,–,1350,2000,F02 +150,ITM_GEAR_GLIDER_4; Windkarte (Lore),Frachtrat mit Aelia; Luftfracht-Routen (SQ_199),"Aelia handelt zwischen den Inseln mit Windkarten. Das Kontor will ihre Karten für die Luftfracht kaufen. Aelia will nicht verkaufen, sondern teilen – gegen einen Sitz im Frachtrat."
SQ_198,Wendelins letzter Stein,NPC_R10_SIYEL_ARCHIVE|Archivar der Baumeister,SET_C_AERION,4,8,45,Act>=Akt III & Quest.MQ_A3_06,–,1800,2000,–,Wendelin-Tagebuch (letzte Seite); Schnellreise Aerion ↔ Eichenhall,Resonanzstein aktiv; Wendelin-Sammlung vollständig (K39),"In Aerion steht ein erloschener Resonanzstein, den Wendelin Aar 880 mit den Hütern setzte – die einzige Verbindung zum Boden. Der Archivar zeigt, wo er steht. Ihn zu reaktivieren verbindet Aerion mit Eichenhall (K12 §5) – und ist Wendelins letzte Seite."
SQ_199,Die erste Luftfracht,NPC_MARIEKE|Marieke Holm,SET_O_WINDANKER,4,9,45,Act>=Nachhall & Quest.MQ_A1_05,Weather=Thunderstorm,2200,2000,F02 +150,Titel „Frachtpate“; ITM_GEAR_BAG_5,Luftfracht-Route aktiv (Händlersortimente R10 +4),"Im Nachhall eröffnet Marieke die Luftfracht zwischen Boden und Nimbara. Der erste Flug trägt Saatgut, Bücher und einen Brief von Ysolde an die Baumeister. Ein Sturm, eine nervöse Mannschaft und Aelias Windkarten – der Wärter fliegt mit."
SQ_200,Die Wand der Zehn,NPC_R10_ORUMA_TUTOR|Hüterin Oruma,SET_C_AERION,4,8,40,Act>=Akt III & Quest.MQ_A3_06,–,1650,2000,–,Kodex-Eintrag „Der Erstchor“; Hain-Dekor ITM_DECO_WALLOFTEN,Wand der Zehn mit Schattenrelief (Data Layer),Auf der Wand der Zehn ist nur Ilens Gesicht erhalten. Oruma will die anderen neun nicht erfinden – aber vielleicht erinnern sich die Stimmen. Mit jedem Akkord-Klang zeigt das Relief einen Schatten eines Gesichts.
SQ_201,Inselendemiten,NPC_WILDWAECHTER_BOAZ|Wildwächter Boaz,SET_V_LUMEYA,3,0,35,Act>=Akt III & Quest.MQ_P03,Time=Day,1500,2000,F03 +150,ITM_GEAR_LENS_4; Wildwacht-Abzeichen „Himmelswacht“,Schutzgebiete auf zwei Inseln (Kodex-Markierung),"Die Wildwacht hat zum ersten Mal Kontakt nach Nimbara. Boaz will wissen, welche Arten nur hier leben und ob sie Schutz brauchen. Elun aus Lumeya hilft; die Baumeister sind skeptisch, bis sie sehen, dass niemand etwas mitnehmen will."
SQ_202,Letzte Bitten,NPC_YSOLDE|Ysolde Varn,SET_V_LUMEYA,2,8,30,Act>=Akt III & Quest.MQ_A3_05,Time=Dusk,1350,2000,–,Hain-Dekor ITM_DECO_LASTREQUEST; YSOLDE_BOND +1 (einfühlsam),Ysolde erwähnt das Versprechen im Brief (K46 §8.4),"Vor dem Aufbruch zur Kronenwerft bittet Ysolde den Wärter um einen Spaziergang. Unterwegs: drei kleine Bitten von Menschen, die er unterwegs getroffen hat – ein Brief, ein Lied, ein Versprechen. Ein Atemzug vor dem Finale (DR-29)."
SQ_203,Graupel im Garten,NPC_GAERTNERIN_SOLA|Gärtnerin Sola (Aerion),SET_C_AERION,3,0,30,Act>=Akt III & Quest.MQ_P03,Weather=Thunderstorm,1350,2000,F03 +150,ITM_FOOD_CLOUDFRUIT ×5; ITM_TRAP_WARM,"Kühlbecken für Graupix, Wolkenfrüchte geschützt","In den Gärten von Aerion fällt Graupel bei Gewitter – und Graupix fressen die jungen Wolkenfrüchte. Sola will Netze spannen. Die Wildwacht schlägt etwas anderes vor: Graupix lieben Kälte, nicht Früchte."
SQ_204,Astraviels Sternbild,NPC_STERNWAERTER_ELUN|Sternwärter Elun (Lumeya),SET_O_STERNWARTEORUMA,3,9,30,Act>=Nachhall,Time=Night,1650,2000,–,Kodex-Fragment „Das neue Sternbild“; Hain-Dekor ITM_DECO_STARCHART,Neues Sternbild am Nachthimmel (Name je Wahl),"Im Nachhall fliegen Astraviels in Formationen, die Sternbildern gleichen – aber einem, das es nicht gibt. Elun glaubt, sie zeichnen ein neues: die Stimmen, so wie sie jetzt sind."
SQ_205,Wächter der Windstufen,NPC_WILDWAECHTER_BOAZ|Wildwächter Boaz,SET_O_WINDANKER,4,9,40,Act>=Nachhall & Quest.MQ_P03,–,2000,2000,F03 +150,ITM_GEAR_CLOAK_5; Titel „Windwacht“,Wartungskalender (Nimbor-Population stabil),"Im Nachhall richtet die Wildwacht an den Windstufen eine Wache ein. Nimbors nisten an den Ankerseilen; jede Wartung stört sie. Boaz will einen Wartungsplan, der Brutzeiten respektiert."
SQ_206,Windstrom-Rennen,NPC_WINDSEGLERIN_RIA|Windseglerin Ria,SET_V_WOLKENRAST,5,0,35,Act>=Akt III,Time=Day,1500,2000,–,ITM_HELD_SWIFTFEATHER; Hain-Dekor ITM_DECO_RACEPENNANT,Windstrom-Rennen als Weltereignis (WE_WIND_RACE),"Ria veranstaltet das Windstrom-Rennen zwischen den Inseln. Teilnehmer fliegen auf Echos durch die Windbänder; wer zuerst die Sternwarte erreicht, gewinnt. Zwischendurch: zwei Wärterkämpfe auf schwebenden Plattformen."
SQ_207,Bodenbewohner,NPC_FS_ZELLE_AERION|Freie Stimmen (Windanker),SET_C_AERION,4,8,40,Act>=Akt III & Quest.MQ_A1_04 & Quest.MQ_A3_05,–,1650,2000,F04 +150,ITM_FOOD_CLOUDFRUIT ×3; Hain-Dekor ITM_DECO_SKYTABLE,Gemeinsames Mahl in Aerion (Barks ändern sich: „Bodenleute“ statt „Bodenbewohner“),Die Baumeister nennen Menschen vom Boden „Bodenbewohner“ – nicht freundlich. Ein Baumeisterkind hat Angst vor den Freien Stimmen an den Windankern. Die Freien Stimmen wollen kein Misstrauen säen. Der Wärter bringt beide Seiten an einen Tisch – und die Echos an denselben Brunnen.
SQ_208,Orumas Sternfall,NPC_ORUMA|Oruma Siyel,SET_C_AERION,6,9,45,Act>=Nachhall,–,2200,2000,–,ITM_HELD_TONE_SOUND; Titel „Sternfallgast“,Oruma-Barks im Nachhall,"Im Nachhall lädt Oruma zur Sternfallprobe in der Sternenarena: Jeder dritte Zug fällt ein Stern auf ein zufälliges, aber vorher angezeigtes Feld (DR-07). Drei Kämpfe; der letzte gegen Oruma mit Aeth'rion als Zuschauer."
SQ_209,"Federn, die freiwillig fallen",NPC_R10_BRISK|Federschneider Brisk,SET_C_AERION,3,0,30,Act>=Akt III & Quest.MQ_A1_04,Time=Day,1350,2000,F04 +150,ITM_HELD_SWIFTFEATHER; ITM_MAT_FERNFIBER ×3,Federn mit Mausersiegel (Händler-Kennzeichnung),"Brisk schneidet Federkiele aus Cirrhawk-Federn. Die Freien Stimmen werfen ihm vor, Federn zu rupfen. Brisk schwört, er sammle nur gemauserte. Der Wärter beobachtet die Cirrhawks bei der Mauser – und Brisks Lieferanten."
SQ_210,Hüter der Pause,NPC_SCHWESTER_IVRA|Schwester Ivra,SET_O_KRONENWERFTWACHT,6,9,60,Act>=Nachhall & Quest.MQ_A2_07 & Rank.F05>=2 & Quest.SQ_190,–,2800,2000,F05 +400,Titel „Hüter der Pause“ (K47 F05 Rang 6 verstärkt); Hain-Dekor ITM_DECO_PAUSEBELL,"Questreihe „Die Pause hören“ (Velnox-Bindung, K62) beginnt","Die sechste und letzte Station: die Kronenwerft, wo Velnox frei wurde und zurückkehrte. Ivra, Ulrek, Sereth (je nach Epilog), Ysolde und Bruder Odvar stehen im Kreis. Wer alle Orte der Pause gehört hat, wird zum Hüter – und hört zum ersten Mal Velnox selbst, wie er zwischen zwei Tönen atmet. Der Beginn von „Die Pause hören“ (K62)."
