Name,KodexNumber,DisplayName,ScientificName,Category,Line,Stage,LineKind,Archetype,SizeClass,HeightM,WeightKg,PrimaryType,SecondaryType,Region,Habitat,Zones,Rarity,SpawnConditions,Activity,Traits,Niches,Role,Mount,GrowthRate,ExpYield,PolishYield,HP,Attack,Defense,SpAttack,SpDefense,Speed,Precision,Evasion,EvolvesTo,EvoCondition,BondRate,BondLure,SignatureConcept,SoundMark
ECHO_001,1,Fernlit,Pteridolis cantans,Farnkitz-Echo,L001,1,Three,A01,S,0.45,6.2,Type.Bloom,,R01,Farnunterholz an Waldrändern und Bachläufen,R01_Z06,VeryRare,Story.AfterActOne|Weather.Rain|TimeOfDay.Dawn,Behavior.Activity.Crepuscular,Behavior.Shy|Behavior.Singer|Behavior.FamilyGroup,Niche.Combat|Niche.Field,Support,,Steady,60,SpDefense:1,48,42,50,55,58,47,100,105,ECHO_002,Level>=16,45,ITM_FOOD_LINDHONEY,Glockenblüte: heilt Verbündeten in der Reihe und läutet (Harmonie+),Spiralmuster aus Lindgold auf Stirn und Flanken; 52 BPM in Ruhe
ECHO_002,2,Fernwyn,Pteridolis alata,Blattschwingen-Echo,L001,2,Three,A01,M,0.95,150.0,Type.Bloom,Type.Storm,R01,Lichtungen und Waldränder mit Aufwind,,Rare,Spawn.None,Behavior.Activity.Crepuscular,Behavior.Singer|Behavior.Curious|Behavior.Playful,Niche.Combat|Niche.Field,Support,,Steady,140,SpDefense:2,79,57,75,72,82,65,100,102,ECHO_003,Level>=34,40,ITM_FOOD_LINDHONEY,"Wedelwind: Heilung über Zeit für die ganze Reihe, Fernwyn verschiebt sich auf der Zeitleiste nach vorn","Lindgold-Spiralen auf den Blattschwingen, pulsieren beim Gleiten schneller"
ECHO_003,3,Verdrath,Pteridolis regalis,Haingeweih-Echo,L001,3,Three,A03,L,2.2,1863.4,Type.Bloom,Type.Sound,R01,Alte Haine und Steinkreise im Uralthain,,Rare,Spawn.None,Behavior.Activity.Crepuscular,Behavior.Singer|Behavior.Guardian|Behavior.Solitary,Niche.Combat|Niche.Mount,Support,Mount.Ground,Steady,210,SpDefense:3,96,74,92,92,101,75,100,102,,,35,ITM_FOOD_LINDHONEY,Hainchor: Crescendo – heilt alle Verbündeten und lässt für 3 Züge Überwuchs wachsen,"Geweih aus Ästen mit Glockenblüten; Klangmal als goldenes Rankenmuster, 44 BPM"
ECHO_004,4,Brokk,Calculocanis minimus,Kieselwelpen-Echo,L002,1,Three,A01,S,0.4,9.5,Type.Stone,,R01,Felsige Bachufer und Geröllhalden,R01_Z06,VeryRare,Story.AfterActOne|Weather.Clear|TimeOfDay.Day,Behavior.Activity.Cathemeral,Behavior.Curious|Behavior.Burrower|Behavior.Playful,Niche.Combat|Niche.Field,Tank,,Steady,60,Defense:1,52,50,62,36,54,56,100,92,ECHO_005,Level>=16,45,ITM_FOOD_ORECRUMBS,Kieselwall: errichtet einen Schild vor der eigenen Reihe,Graue Ringe auf dem Rücken wie Jahresringe eines Steins; 60 BPM
ECHO_005,5,Brokkar,Calculocanis robustus,Felsrücken-Echo,L002,2,Three,A02,M,1.1,232.9,Type.Stone,,R01,Steinbrüche und Felshänge,,Rare,Spawn.None,Behavior.Activity.Cathemeral,Behavior.Guardian|Behavior.Burrower|Behavior.Territorial,Niche.Combat|Niche.Field,Tank,,Steady,140,Defense:2,87,65,94,51,80,58,100,92,ECHO_006,Level>=34,40,ITM_FOOD_ORECRUMBS,"Felsprall: Angriff, der den Gegner eine Reihe zurückstößt (Rückstoß)",Ringe ziehen sich über die Schulterplatten; bei Wut beschleunigt auf 90 BPM
ECHO_006,6,Torgrath,Calculocanis montanus,Bergbollwerk-Echo,L002,3,Three,A02,XL,3.2,5734.4,Type.Stone,Type.Gravity,R01,Felsplateaus und Bergflanken,,Rare,Spawn.None,Behavior.Activity.Cathemeral,Behavior.Guardian|Behavior.Solitary|Behavior.Territorial,Niche.Combat|Niche.Mount,Tank,Mount.Ground,Steady,210,Defense:3,104,86,113,61,96,70,100,92,,,35,ITM_FOOD_ORECRUMBS,Bergherz: Crescendo – zieht alle Gegner in die Vorderreihe und senkt ihre Geschwindigkeit,Schwebende Steinsplitter kreisen um das Klangmal am Nacken; 40 BPM
ECHO_007,7,Wisplet,Zephyrops sibilans,Pfeifwind-Echo,L003,1,Three,A05,XS,0.25,1.4,Type.Storm,,R01,Baumwipfel und offene Kronendächer,R01_Z06,VeryRare,Story.AfterActOne|Weather.Thunderstorm,Behavior.Activity.Diurnal,Behavior.Curious|Behavior.Flier|Behavior.Singer,Niche.Combat|Niche.Field,Speed,,Steady,60,Speed:1,42,50,40,52,44,77,96,110,ECHO_008,Level>=16,50,ITM_LURE_WHISTLE,"Böenpfiff: schneller Angriff, eigene nächste Aktion kostet weniger Zeit","Weiße Wirbel auf den Flügeln; schnellster Puls aller Starter, 96 BPM"
ECHO_008,8,Galewix,Zephyrops velox,Böenflügel-Echo,L003,2,Three,A05,S,0.7,30.0,Type.Storm,,R01,"Lichtungen, Felskanten mit Aufwind",,Rare,Spawn.None,Behavior.Activity.Diurnal,Behavior.Flier|Behavior.Hunter|Behavior.Playful,Niche.Combat|Niche.Field,Speed,,Steady,140,Speed:2,61,79,57,72,61,100,96,110,ECHO_009,Level>=34,45,ITM_LURE_WHISTLE,"Doppelböe: trifft zweimal, Treffer 2 nur bei Aufwind/Gewitter mit voller Kraft",Wirbelmuster wandert vom Kopf zur Schwanzspitze; 104 BPM im Flug
ECHO_009,9,Zephyrion,Zephyrops imperator,Himmelsfalken-Echo,L003,3,Three,A05,L,1.9,600.2,Type.Storm,Type.Light,R01,"Höchste Baumriesen, Gipfel und Wolkenränder",,Rare,Spawn.None,Behavior.Activity.Diurnal,Behavior.Flier|Behavior.Hunter|Behavior.Solitary,Niche.Combat|Niche.Mount,Speed,Mount.Fly,Steady,210,Speed:3,75,97,71,88,75,124,96,110,,,35,ITM_LURE_WHISTLE,Himmelssturz: Crescendo – trifft alle Gegner und verschiebt sie auf der Zeitleiste nach hinten,"Klangmal wie ein Kranz aus Windlinien um die Augen, leuchtet im Sonnenlicht; 88 BPM"
ECHO_010,10,Chimkin,Tintinnapes furax,Glöckchenaffen-Echo,L004,1,Three,A18,S,0.5,21.9,Type.Sound,,R01,"Obstwiesen, Dorfränder, Lindwald",R01_Z01|R01_Z02|R01_Z03,Common,,Behavior.Activity.Diurnal,Behavior.Curious|Behavior.Playful|Behavior.Hoarder,Niche.Combat|Niche.Field,Control,,Wave,60,Speed:1,52,41,52,59,54,52,102,100,ECHO_011,Level>=18,60,ITM_LURE_BELLCHIME,Bimmelstreich: verzögert das Ziel auf der Zeitleiste (Klang-Kernmechanik),Drei kleine Glockenringe am Schwanz leuchten im Takt; 76 BPM
ECHO_011,11,Chimbal,Tintinnapes tympanicus,Zimbelaffen-Echo,L004,2,Three,A18,M,1.0,175.0,Type.Sound,,R01,Waldränder und Farnschlucht,R01_Z05|R01_Z06,Uncommon,,Behavior.Activity.Diurnal,Behavior.Playful|Behavior.Climber|Behavior.Singer,Niche.Combat,Control,,Wave,140,Speed:2,71,57,71,81,74,71,102,100,ECHO_012|ECHO_013,(Level>=32 & TimeOfDay=Dusk) | (Level>=32 & Weather=Fog & TimeOfDay=Night),50,ITM_LURE_BELLCHIME,Zimbelschlag: verzögert alle Gegner einer Reihe leicht,"Handflächen tragen runde Klangmale, die beim Klatschen aufblitzen"
ECHO_012,12,Cantaroth,Tintinnapes maestro,Dirigentenaffen-Echo,L004,3,Three,A18,L,1.8,1020.6,Type.Sound,Type.Bloom,R01,"Uralthain, Lichtungen mit Steinkreisen",R01_Z06,Rare,TimeOfDay.Dusk,Behavior.Activity.Crepuscular,Behavior.Singer|Behavior.Guardian|Behavior.Climber,Niche.Combat|Niche.Mount,Control,Mount.Climb,Wave,210,SpAttack:3,87,69,87,100,91,86,102,100,,,40,ITM_LURE_BELLCHIME,Waldkonzert: Crescendo – synchronisiert alle Verbündeten auf der Zeitleiste (handeln direkt nacheinander),Lange Arme mit Ringmustern; das Klangmal am Brustkorb dirigiert den Puls der Gruppe
ECHO_013,13,Lorncant,Tintinnapes nebulosa,Nebelklang-Echo,L004,3,Branch,A18,L,1.7,859.8,Type.Spirit,Type.Sound,R01,Nebliger Uralthain bei Nacht,,VeryRare,Spawn.None,Behavior.Activity.Nocturnal,Behavior.Mimic|Behavior.Solitary|Behavior.Singer,Niche.Combat|Niche.Research,Control,,Wave,210,SpAttack:3,86,62,86,109,91,86,102,100,,,30,ITM_LURE_LANTERN,Echoschleier: Gegner greifen 2 Züge lang ein zufälliges anderes Ziel an (Geist-Täuschung),Ringe verblassen zu Nebelbändern; das Klangmal flackert wie ein fernes Echo
ECHO_014,14,Mossling,Muscocervus tenellus,Mooskitz-Echo,L005,1,Three,A01,S,0.55,29.1,Type.Bloom,,R01,"Moosige Lichtungen, Lindwald und Auen",R01_Z01|R01_Z02,Common,,Behavior.Activity.Diurnal,Behavior.Shy|Behavior.Grazer|Behavior.Herd,Niche.Combat|Niche.Breeding,Tank,,Steady,60,HP:1,63,47,68,37,58,42,100,92,ECHO_015,Level>=18,55,ITM_FOOD_MOSSCAKE,Moospolster: Schild + kleine Heilung für sich selbst,Grüne Punktreihen auf dem Rücken wie Moosflecken; 58 BPM
ECHO_015,15,Myrthorn,Muscocervus vectorius,Myrtenhirsch-Echo,L005,2,Three,A03,L,1.7,859.8,Type.Bloom,,R01,Eichenhall-Forst und Moosgrund-Hügel,R01_Z03|R01_Z04,Uncommon,,Behavior.Activity.Diurnal,Behavior.Herd|Behavior.Grazer|Behavior.Guardian,Niche.Combat|Niche.Mount,Tank,Mount.Ground,Steady,140,HP:2,86,65,93,50,79,57,100,92,ECHO_016|ECHO_017,(BondTier>=4) | (BondTier>=4 & Moon=FullMoon & Zone=R01_Z06),45,ITM_FOOD_MOSSCAKE,"Myrtenstoß: Angriff mit Geweih, heilt um 30 % des Schadens",Blühende Myrtenranken im Geweih leuchten zart; 54 BPM
ECHO_016,16,Vernaune,Muscocervus sacra,Frühlingshirsch-Echo,L005,3,Three,A03,XL,3.1,5213.4,Type.Bloom,Type.Light,R01,Uralthain-Lichtungen,,Rare,Spawn.None,Behavior.Activity.Diurnal,Behavior.Guardian|Behavior.Herd|Behavior.Glowing,Niche.Combat|Niche.Mount,Tank,Mount.Ground,Late,210,HP:3,109,78,112,64,95,62,100,92,,,35,ITM_FOOD_MOSSCAKE,Frühlingserwachen: Crescendo – entfernt alle Status der eigenen Seite und heilt 25 %,"Geweih trägt leuchtende Blütenknospen, die sich im Sonnenlicht öffnen"
ECHO_017,17,Glyphaune,Muscocervus runica,Mondgeweih-Echo,L005,3,Branch,A03,XL,3.0,4725.0,Type.Arcane,Type.Bloom,R01,Steinkreise des Uralthains bei Vollmond,,VeryRare,Spawn.None,Behavior.Activity.Nocturnal,Behavior.Solitary|Behavior.Glowing|Behavior.Stargazer,Niche.Combat|Niche.Mount|Niche.Research,Control,Mount.Ground,Late,210,SpAttack:3,87,69,87,100,91,86,102,100,,,30,ITM_LURE_BELLCHIME,Mondglyphe: kehrt für den nächsten Zug die Typtabelle für ein Ziel um,Glyphen ersetzen die Blütenknospen; sie ordnen sich zu wechselnden Mustern
ECHO_018,18,Lumpip,Lucinocta larvalis,Glimmraupen-Echo,L006,1,Three,A10,XS,0.15,0.6,Type.Light,,R01,Lindenblätter in den Auen,R01_Z02|R01_Z03,Common,,Behavior.Activity.Nocturnal,Behavior.Glowing|Behavior.Grazer|Behavior.Sleepy,Niche.Combat|Niche.Research,Caster,,Swift,60,SpAttack:1,45,30,43,70,52,60,104,100,ECHO_019,Level>=15,65,ITM_FOOD_LINDHONEY,"Glimmfunke: kleiner Lichtangriff, der Ausweichen ignoriert",Leuchtpunkte entlang des Körpers blinken in Wellen
ECHO_019,19,Lumow,Lucinocta velata,Lichtfalter-Echo,L006,2,Three,A10,S,0.4,11.2,Type.Light,Type.Spirit,R01,Nachtwiesen und Waldränder,R01_Z04|R01_Z05,Uncommon,,Behavior.Activity.Nocturnal,Behavior.Glowing|Behavior.Flier|Behavior.Pollinator,Niche.Combat|Niche.Research,Caster,,Swift,140,SpAttack:2,63,42,60,98,73,84,104,100,ECHO_020,Level>=30 & TimeOfDay=Night,50,ITM_LURE_LANTERN,Schleierlicht: blendet ein Ziel (Präzision −1) und reinigt einen Verbündeten,Augenflecken auf den Flügeln sind Klangmale – sie leuchten im Herzschlag
ECHO_020,20,Phantalume,Lucinocta spectralis,Seelenfalter-Echo,L006,3,Three,A12,M,1.2,34.6,Type.Spirit,Type.Light,R01,Uralthain im Nebel,R01_Z06,Rare,Weather.Fog|TimeOfDay.Night,Behavior.Activity.Nocturnal,Behavior.Glowing|Behavior.Drifter|Behavior.Solitary,Niche.Combat|Niche.Research,Caster,,Swift,210,SpAttack:3,77,52,73,120,90,103,104,100,,,40,ITM_LURE_LANTERN,"Seelenleuchten: Crescendo – trifft alle Gegner, Geist-Ziele doppelt geblendet",Der ganze Körper ist ein Klangmal aus Licht; im Nebel verschwimmt er
ECHO_021,21,Rillo,Rivulana cantrix,Bachsänger-Echo,L007,1,Two,A09,XS,0.2,1.4,Type.Tide,,R01,Bachläufe und Tümpel im Lindwald,R01_Z01|R01_Z02,Common,,Behavior.Activity.Crepuscular,Behavior.Singer|Behavior.Swimmer|Behavior.FamilyGroup,Niche.Combat|Niche.Field,Caster,,Swift,75,SpAttack:1,50,34,47,78,59,67,104,100,ECHO_022,Level>=22,60,ITM_FOOD_BERRYMIX,"Bachlied: Flut-Angriff, heilt Verbündete in Reihe leicht über 2 Züge",Blaue Ringe auf der Kehle blähen sich beim Singen
ECHO_022,22,Rillward,Rivulana custos,Quellwächter-Echo,L007,2,Two,A09,M,0.9,127.6,Type.Tide,Type.Bloom,R01,Quellen und Wasserfälle der Farnschlucht,R01_Z05,Uncommon,,Behavior.Activity.Crepuscular,Behavior.Guardian|Behavior.Swimmer|Behavior.Singer,Niche.Combat|Niche.Field,Caster,,Swift,190,SpAttack:2,74,49,69,114,86,98,104,100,,,45,ITM_FOOD_BERRYMIX,Quellstrom: spült ein Ziel in die andere Reihe (Flut-Positionsverschiebung),Seerosenblätter auf dem Rücken tragen das Klangmal
ECHO_023,23,Sporlet,Sporifungus pusillus,Sporenwicht-Echo,L008,1,Two,A14,XS,0.25,2.7,Type.Venom,,R01,"Moosgrund-Senken, alte Baumstümpfe",R01_Z04,Common,,Behavior.Activity.Nocturnal,Behavior.Camouflaged|Behavior.Sleepy|Behavior.Symbiont,Niche.Combat|Niche.Breeding,Control,,Steady,75,Defense:1,57,45,57,65,59,57,102,100,ECHO_024,Level>=24 & Weather=Fog,55,ITM_FOOD_MOSSCAKE,Sporenwolke: Gift-Stapel auf alle Gegner einer Reihe,"Lamellen unter dem Hut glimmen violett, wenn es atmet"
ECHO_024,24,Sporix,Sporifungus nebularis,Nebelpilz-Echo,L008,2,Two,A14,S,0.7,60.0,Type.Venom,Type.Spirit,R01,"Neblige Senken, Uralthain-Ränder",R01_Z04|R01_Z06,Rare,Weather.Fog,Behavior.Activity.Nocturnal,Behavior.Camouflaged|Behavior.Glowing|Behavior.Symbiont,Niche.Combat|Niche.Breeding,Control,,Steady,190,Defense:2,82,65,82,94,86,81,102,100,,,40,ITM_FOOD_MOSSCAKE,Trugsporen: Gift + Täuschung (Ziel greift 1 Zug lang einen Verbündeten an),Hut leuchtet in Ringen; im Nebel wirft er Schatten von Gesichtern
ECHO_025,25,Skirmote,Ventimota volitans,Windfunken-Echo,L009,1,Two,A16,XS,0.05,0.02,Type.Storm,,R01,Auen und Waldwiesen,R01_Z02|R01_Z03,Common,,Behavior.Activity.Diurnal,Behavior.Swarm|Behavior.Flier|Behavior.Playful,Niche.Combat|Niche.Field,Speed,,Swift,75,Speed:1,48,63,45,57,48,79,96,110,ECHO_026,Level>=22,60,ITM_LURE_WHISTLE,Funkenschwarm: drei kleine Treffer auf zufällige Gegner,Jeder Funke trägt einen Lichtpunkt; der Schwarm pulsiert gemeinsam
ECHO_026,26,Skirrow,Ventimota tempestas,Böenschwarm-Echo,L009,2,Two,A16,S,0.6,0.4,Type.Storm,Type.Sound,R01,"Farnschlucht, Grate mit Wind",R01_Z05,Uncommon,,Behavior.Activity.Diurnal,Behavior.Swarm|Behavior.Flier|Behavior.Singer,Niche.Combat|Niche.Field,Speed,,Swift,190,Speed:2,69,89,64,81,69,113,96,110,,,45,ITM_LURE_WHISTLE,"Sirrender Sturm: Mehrfachtreffer, verzögert getroffene Gegner leicht",Schwarm formt im Flug ein pulsierendes Wirbelmuster
ECHO_027,27,Thornkin,Spinoserpens hamatus,Rankenlings-Echo,L010,1,Two,A07,S,0.6,37.8,Type.Bloom,,R01,"Hecken, Brombeerdickicht",R01_Z03|R01_Z05,Uncommon,,Behavior.Activity.Diurnal,Behavior.Ambusher|Behavior.Camouflaged|Behavior.Solitary,Niche.Combat,Striker,,Steady,75,Attack:1,54,78,52,40,49,72,106,96,ECHO_028,Item=ITM_EVO_BLOOM,45,ITM_FOOD_BERRYMIX,"Dornenschlinge: Angriff, Ziel verliert 1 Stufe Geschwindigkeit",Dornenreihe entlang des Rückens; Spitzen glühen grün beim Angriff
ECHO_028,28,Thorncoil,Spinoserpens rosaceus,Rosenwürger-Echo,L010,2,Two,A07,M,1.4,480.2,Type.Bloom,Type.Venom,R01,Dichte Hecken der Farnschlucht,R01_Z05,Rare,Weather.Rain,Behavior.Activity.Diurnal,Behavior.Ambusher|Behavior.Territorial|Behavior.Camouflaged,Niche.Combat,Striker,,Steady,190,Attack:2,79,111,74,58,70,103,106,96,,,35,ITM_FOOD_BERRYMIX,"Rosenwürgegriff: hält ein Ziel 1 Zug fest (Zeitleiste +), Gift-Stapel",Rosenblüten entlang des Körpers öffnen sich im Takt des Klangmals
ECHO_029,29,Pebi,Lapidorbis rotundus,Kugelpanzer-Echo,L011,1,Two,A11,S,0.35,12.0,Type.Stone,,R01,Lindwald-Bäche und Farnschlucht,R01_Z01|R01_Z05,Common,,Behavior.Activity.Cathemeral,Behavior.Sleepy|Behavior.Burrower|Behavior.Shy,Niche.Combat|Niche.Breeding,Tank,,Steady,75,Defense:1,66,50,71,38,61,44,100,92,ECHO_030,Stat:Defense>Attack & Level>=24,55,ITM_FOOD_ORECRUMBS,"Einigeln: Verteidigung +2 Stufen, kostet wenig Zeit",Ein einziges Kreismuster auf dem Panzer; leuchtet nur beim Einigeln
ECHO_030,30,Orbeloth,Lapidorbis levitans,Schwebefels-Echo,L011,2,Two,A13,M,1.1,232.9,Type.Gravity,Type.Stone,R01,"Farnschlucht, Schwebesteine",,Rare,Spawn.None,Behavior.Activity.Cathemeral,Behavior.Guardian|Behavior.Drifter|Behavior.Sleepy,Niche.Combat|Niche.Research,Tank,,Steady,190,Defense:2,98,74,106,57,90,65,100,92,,,40,ITM_FOOD_ORECRUMBS,Schwerpunkt: zieht einen Gegner in die Vorderreihe und schützt die eigene Hinterreihe,Klangmal kreist als Orbit aus Lichtpunkten um den Körper
ECHO_031,31,Rivetkin,Cuprocoleus faber,Kupferkäfer-Echo,L012,1,Single,A10,S,0.35,4.0,Type.Metal,,R01,"Werkstätten, Mühlen, Kupferadern",R01_Z03,Uncommon,,Behavior.Activity.Cathemeral,Behavior.Collector|Behavior.Hoarder|Behavior.Curious,Niche.Combat|Niche.Field,Tank,,Steady,180,Defense:2,91,75,98,53,83,60,100,92,,,50,ITM_FOOD_ORECRUMBS,"Nietpanzer: Rüstung (flache Schadensreduktion) für 3 Züge, kontert Kontaktangriffe",Grünspan-Muster auf dem Panzer leuchtet bei Arbeit
ECHO_032,32,Cindrel,Carbonimp focarius,Herdwicht-Echo,L013,1,Single,A04,S,0.5,21.9,Type.Ember,,R01,Köhlermeiler und Herdstellen in Moosgrund,R01_Z04,Rare,TimeOfDay.Night,Behavior.Activity.Nocturnal,Behavior.Thermal|Behavior.Curious|Behavior.ToolUser,Niche.Combat|Niche.Field,Caster,,Steady,180,SpAttack:2,70,47,67,110,82,94,104,100,,,45,ITM_FOOD_CHARCOAL,"Herdglut: Glut-Angriff, legt Glutboden auf die Zielreihe",Augen und Fingerspitzen glimmen wie Kohle; das Klangmal flackert beim Sprechen der Köhler
ECHO_033,33,Craglet,Cragocancer saxicola,Felskrabben-Echo,L014,1,Three,A10,XS,0.25,1.8,Type.Stone,,R02,Geröllhalden und Felsspalten,R02_Z01|R02_Z02,Common,,Behavior.Activity.Cathemeral,Behavior.Climber|Behavior.Shy|Behavior.Hoarder,Niche.Combat|Niche.Breeding,Tank,,Steady,60,Defense:1,61,46,66,35,56,41,100,92,ECHO_034,Level>=18,55,ITM_FOOD_ORECRUMBS,"Spaltenschutz: Schild für sich selbst, kontert den nächsten Kontaktangriff",Kantige Rillen auf den Scheren glimmen beim Festklammern
ECHO_034,34,Cragar,Cragocancer scandens,Wandläufer-Echo,L014,2,Three,A10,L,1.7,180,Type.Stone,,R02,Steilwände und Schluchten,R02_Z03|R02_Z04,Uncommon,,Behavior.Activity.Cathemeral,Behavior.Climber|Behavior.Territorial|Behavior.Guardian,Niche.Combat|Niche.Mount,Tank,Mount.Climb,Steady,140,Defense:2,86,65,93,50,79,57,100,92,ECHO_035|ECHO_036,(Level>=34) | (Level>=34 & Zone=R02_Z02 & Moon=FullMoon),45,ITM_FOOD_ORECRUMBS,Klammergriff: hält ein Ziel fest (Zeitleiste +) und erhält Verteidigung +1,Rückenschild trägt ein Felsmosaik als Klangmal; 62 BPM
ECHO_035,35,Kraggoth,Cragocancer titanicus,Bergkrabben-Echo,L014,3,Three,A10,L,2.8,420,Type.Stone,Type.Metal,R02,Grollschlund und Erzgrat,,Rare,Spawn.None,Behavior.Activity.Cathemeral,Behavior.Climber|Behavior.Guardian|Behavior.Solitary,Niche.Combat|Niche.Mount,Tank,Mount.Climb,Steady,210,Defense:3,105,79,114,61,96,70,100,92,,,35,ITM_FOOD_ORECRUMBS,"Bergpanzer: Crescendo – Schild für die ganze Seite, Gegner in der Vorderreihe werden zurückgestoßen",Erzadern durchziehen den Panzer und pulsieren rot im Takt
ECHO_036,36,Anchrex,Cragocancer gravis,Schwerkrabben-Echo,L014,3,Branch,A10,L,2.6,900,Type.Gravity,Type.Stone,R02,Schwebende Ahnenfelsen,,VeryRare,Spawn.None,Behavior.Activity.Cathemeral,Behavior.Climber|Behavior.Solitary|Behavior.Drifter,Niche.Combat|Niche.Mount|Niche.Research,Control,Mount.Climb,Steady,210,Defense:3,88,70,87,101,92,87,102,100,,,30,ITM_FOOD_ORECRUMBS,Ankerfeld: tauscht die Reihen der Gegner und hält sie 1 Zug fest,Schwebende Steinsplitter ordnen sich um die Scheren zu Kreisbahnen
ECHO_037,37,Tetri,Tetralithus cubicus,Würfelstein-Echo,L015,1,Three,A13,S,0.35,14,Type.Gravity,,R02,Schwebefelsen-Felder,R02_Z02,Uncommon,,Behavior.Activity.Cathemeral,Behavior.Drifter|Behavior.Collector|Behavior.Sleepy,Niche.Combat|Niche.Research,Control,,Wave,60,SpDefense:1,52,41,52,59,54,52,102,100,ECHO_038,Level>=20,50,ITM_LURE_BELLCHIME,Schwerepuls: zieht ein Ziel eine Reihe nach vorn,Leuchtende Kanten eines Würfels; dreht sich langsam um sich selbst
ECHO_038,38,Tetrel,Tetralithus ordinatus,Gitterstein-Echo,L015,2,Three,A13,M,1.0,90,Type.Gravity,Type.Stone,R02,"Kharsholm-Terrassen, Ahnenfelsen",R02_Z02|R02_Z03,Rare,TimeOfDay.Night,Behavior.Activity.Nocturnal,Behavior.Drifter|Behavior.Collector|Behavior.Guardian,Niche.Combat|Niche.Research,Control,,Wave,140,SpDefense:2,72,57,72,82,75,72,102,100,ECHO_039,Level>=36,40,ITM_LURE_BELLCHIME,Gitterbann: tauscht die Position zweier Gegner,Leuchtgitter verbindet die schwebenden Blöcke
ECHO_039,39,Ponderath,Tetralithus maiestas,Schwerkern-Echo,L015,3,Three,A13,L,2.4,2200,Type.Gravity,,R02,Grollhorn-Gipfel,,Rare,Spawn.None,Behavior.Activity.Nocturnal,Behavior.Guardian|Behavior.Solitary|Behavior.Stargazer,Niche.Combat|Niche.Research,Control,,Wave,210,SpAttack:3,88,63,92,111,92,84,102,100,,,30,ITM_LURE_BELLCHIME,Gravitationskern: Crescendo – alle Gegner verlieren 2 GES-Stufen und werden in die Vorderreihe gezogen,"Ein dunkler Kern im Inneren, um den Lichtlinien kreisen"
ECHO_040,40,Ferrkin,Ferromeles fossor,Erzdachs-Echo,L016,1,Three,A01,S,0.45,11,Type.Metal,,R02,Stollen und Erzadern,R02_Z01|R02_Z04,Common,,Behavior.Activity.Nocturnal,Behavior.Burrower|Behavior.Lithophage|Behavior.Curious,Niche.Combat|Niche.Field,Striker,,Steady,60,Attack:1,50,71,47,37,44,66,106,96,ECHO_041,Level>=20,50,ITM_FOOD_ORECRUMBS,"Grabkralle: Metall-Angriff, ignoriert Schilde zur Hälfte",Eisenstreifen über den Augen glimmen in der Dunkelheit
ECHO_041,41,Ferrow,Ferromeles cristatus,Eisenkamm-Echo,L016,2,Three,A02,M,1.0,175.0,Type.Metal,Type.Stone,R02,Erzgrat und alte Minen,R02_Z04,Uncommon,,Behavior.Activity.Nocturnal,Behavior.Burrower|Behavior.Territorial|Behavior.Lithophage,Niche.Combat|Niche.Field,Striker,,Steady,140,Attack:2,69,98,65,51,61,91,106,96,ECHO_042,Level>=34,40,ITM_FOOD_ORECRUMBS,"Kammramme: Angriff mit Rückstoß, stärker gegen Kristall",Eisenkamm vom Kopf bis zum Schwanz mit pulsierenden Nieten
ECHO_042,42,Forgoth,Ferromeles incudis,Ambossdachs-Echo,L016,3,Three,A02,L,1.8,1020.6,Type.Metal,Type.Stone,R02,Tiefe Minen des Erzgrats,,Rare,Spawn.None,Behavior.Activity.Nocturnal,Behavior.Burrower|Behavior.Solitary|Behavior.Guardian,Niche.Combat|Niche.Mount,Striker,Mount.Ground,Steady,210,Attack:3,85,120,80,62,76,112,106,96,,,35,ITM_FOOD_ORECRUMBS,"Ambossschlag: Crescendo – massiver Metall-Angriff, Ziel erhält 2 Züge Erschüttert",Rücken wie ein Amboss; Klangmal schlägt Funken bei jedem Schritt
ECHO_043,43,Gratkin,Cristaquila pullus,Gratfalken-Echo,L017,1,Three,A05,XS,0.28,1.9,Type.Storm,,R02,Horste an Felskanten,R02_Z01|R02_Z03,Common,,Behavior.Activity.Diurnal,Behavior.Flier|Behavior.Nester|Behavior.Curious,Niche.Combat,Speed,,Steady,60,Speed:1,44,57,41,52,44,72,96,110,ECHO_044,Level>=20,50,ITM_LURE_WHISTLE,Gratschnitt: schneller Angriff aus der Höhe,Streifen über den Flügeln leuchten beim Sturzflug
ECHO_044,44,Gratwyn,Cristaquila venator,Gratjäger-Echo,L017,2,Three,A05,M,1.0,87.5,Type.Storm,,R02,Grollhorn und offene Grate,R02_Z04|R02_Z05,Uncommon,,Behavior.Activity.Diurnal,Behavior.Flier|Behavior.Hunter|Behavior.Territorial,Niche.Combat,Speed,,Steady,140,Speed:2,62,80,58,72,62,101,96,110,ECHO_045,Level>=36 & Weather=Thunderstorm,40,ITM_LURE_WHISTLE,"Sturzböe: kritische Trefferchance erhöht, eigene Zeitkosten −",Klangmal zeichnet Blitzlinien unter die Flügel
ECHO_045,45,Gratrex,Cristaquila fulminans,Donneradler-Echo,L017,3,Three,A05,L,2.1,810.3,Type.Storm,Type.Metal,R02,Gipfel bei Gewitter,,Rare,Spawn.None,Behavior.Activity.Diurnal,Behavior.Flier|Behavior.Hunter|Behavior.Solitary,Niche.Combat|Niche.Mount,Striker,Mount.Fly,Steady,210,Attack:3,85,120,80,62,76,112,106,96,,,30,ITM_LURE_WHISTLE,"Donnersturz: Crescendo – trifft alle Gegner, Metall-Ziele erleiden Blitzschlag-Bonus",Metallisch glänzende Schwungfedern leiten Blitze; das Klangmal knistert
ECHO_046,46,Kiesi,Glareomys vigilans,Pfeifkiesel-Echo,L018,1,Two,A01,S,0.4,11.2,Type.Stone,,R02,Almwiesen und Geröll,R02_Z01|R02_Z02,Common,,Behavior.Activity.Diurnal,Behavior.Herd|Behavior.Singer|Behavior.Burrower,Niche.Combat|Niche.Field,AllRound,,Swift,75,Defense:1,56,56,56,56,56,55,100,100,ECHO_047,Level>=24,60,ITM_FOOD_ALPINECHEESE,Warnpfiff: alle Verbündeten erhalten Ausweichen +1 für 1 Zug,Weiße Kiesel-Punkte auf der Brust blinken beim Pfeifen
ECHO_047,47,Kiesward,Glareomys custos,Almwächter-Echo,L018,2,Two,A02,M,0.9,127.6,Type.Stone,Type.Sound,R02,Almen von Hrallsted,R02_Z02|R02_Z03,Uncommon,,Behavior.Activity.Diurnal,Behavior.Guardian|Behavior.Singer|Behavior.Herd,Niche.Combat|Niche.Field,AllRound,,Swift,190,Defense:2,83,83,83,82,82,82,100,100,,,45,ITM_FOOD_ALPINECHEESE,"Grat-Echo: Klang-Angriff, verzögert Ziel und gibt Verbündeten Harmonie",Felsplatten am Hals vibrieren sichtbar beim Rufen
ECHO_048,48,Lithi,Spirolithus spiralis,Spiralstein-Echo,L019,1,Two,A11,S,0.4,13,Type.Stone,,R02,"Linn-Quelle, Schmelzwasserbäche",R02_Z01|R02_Z03,Uncommon,,Behavior.Activity.Crepuscular,Behavior.Sleepy|Behavior.Swimmer|Behavior.Collector,Niche.Combat|Niche.Breeding,Tank,,Late,75,SpDefense:1,68,51,74,40,62,45,100,92,ECHO_049,Level>=26,50,ITM_FOOD_ORECRUMBS,Spiralpanzer: Spezialverteidigung +2,Spirale auf dem Gehäuse dreht sich leuchtend beim Atmen
ECHO_049,49,Lithshell,Spirolithus gigas,Spiralberg-Echo,L019,2,Two,A11,L,1.8,600,Type.Stone,Type.Tide,R02,Bergseen und Quellbecken,R02_Z03,Rare,TimeOfDay.Dusk,Behavior.Activity.Crepuscular,Behavior.Sleepy|Behavior.Swimmer|Behavior.Guardian,Niche.Combat|Niche.Mount,Tank,Mount.Ground,Late,190,SpDefense:2,100,75,108,58,92,67,100,92,,,40,ITM_FOOD_ORECRUMBS,"Strudelschild: Schild für die Reihe, reflektiert einen Teil des Flut-Schadens","Die Spirale hat sieben Windungen, jede leuchtet in eigenem Takt"
ECHO_050,50,Rimlet,Pruinalepus nivalis,Reifhasen-Echo,L020,1,Two,A01,S,0.4,11.2,Type.Frost,,R02,Schneefelder am Grollhorn,R02_Z05,Common,,Behavior.Activity.Crepuscular,Behavior.Shy|Behavior.Camouflaged|Behavior.FamilyGroup,Niche.Combat,Speed,,Swift,75,Speed:1,48,63,45,57,48,79,96,110,ECHO_051,Level>=24 & Weather=Snow,55,ITM_FOOD_ALPINECHEESE,"Reifsprung: Frost-Angriff, Ziel wird verlangsamt (Zeitkosten +)","Eiskristallmuster im Fell, unsichtbar bis es leuchtet"
ECHO_051,51,Rimpaw,Pruinalepus glacialis,Frostläufer-Echo,L020,2,Two,A01,M,0.85,107.5,Type.Frost,Type.Storm,R02,Gipfelgrate im Schneesturm,R02_Z05,Rare,Weather.Snow,Behavior.Activity.Crepuscular,Behavior.Hunter|Behavior.Camouflaged|Behavior.Solitary,Niche.Combat,Speed,,Swift,190,Speed:2,71,92,67,83,71,116,96,110,,,40,ITM_FOOD_ALPINECHEESE,"Schneegestöber: trifft alle Gegner, senkt Präzision",Pfoten hinterlassen leuchtende Eisabdrücke
ECHO_052,52,Quarling,Quarzovermis lucidus,Quarzwurm-Echo,L021,1,Two,A07,S,0.6,6,Type.Crystal,,R02,Quarzadern in Höhlen und Stollen,R02_Z03|R02_Z04,Uncommon,,Behavior.Activity.Nocturnal,Behavior.Burrower|Behavior.Lithophage|Behavior.Glowing,Niche.Combat|Niche.Field,Caster,,Steady,75,SpAttack:1,52,35,49,80,60,69,104,100,ECHO_053,Level>=26,50,ITM_FOOD_CRYSTALSALT,"Prismasplitter: Kristall-Angriff, lädt sich bei Nichtnutzung auf",Durchscheinender Körper mit wanderndem Lichtpunkt
ECHO_053,53,Quarcoil,Quarzovermis prismaticus,Prismaschlangen-Echo,L021,2,Two,A07,M,1.5,60,Type.Crystal,Type.Stone,R02,Grollschlund-Höhlen,R02_Z03,Rare,TimeOfDay.Night,Behavior.Activity.Nocturnal,Behavior.Burrower|Behavior.Glowing|Behavior.Territorial,Niche.Combat|Niche.Field,Caster,,Steady,190,SpAttack:2,74,50,70,115,87,99,104,100,,,40,ITM_FOOD_CRYSTALSALT,"Brechstrahl: Kristall-Strahl, der zu 25 % auf ein zweites Ziel bricht",Prismenschuppen zerlegen das Klangmal-Licht in Regenbogenfarben
ECHO_054,54,Emblit,Aurorasalamandra ignitus,Glutmolch-Echo,L022,1,Two,A09,XS,0.2,1.4,Type.Ember,,R02,Warme Quellen und Schmiedeabwärme,R02_Z02,Uncommon,,Behavior.Activity.Midday,Behavior.Thermal|Behavior.Sunbather|Behavior.Curious,Niche.Combat|Niche.Field,Caster,,Steady,75,SpAttack:1,52,35,49,80,60,69,104,100,ECHO_055,Level>=26 & TimeOfDay=Dawn,55,ITM_FOOD_CHARCOAL,Glutfunke: Glut-Angriff mit Brand-Chance,Orange Punkte auf dem Rücken glimmen wie Kohlen
ECHO_055,55,Dawnix,Aurorasalamandra aurorae,Morgenglut-Echo,L022,2,Two,A09,M,0.9,127.6,Type.Light,Type.Ember,R02,Ostgrate im ersten Sonnenlicht,R02_Z04|R02_Z05,Rare,TimeOfDay.Dawn,Behavior.Activity.Diurnal,Behavior.Sunbather|Behavior.Glowing|Behavior.Solitary,Niche.Combat,Caster,,Steady,190,SpAttack:2,75,50,71,117,87,100,104,100,,,40,ITM_FOOD_CHARCOAL,"Morgenröte: Licht-Angriff, der Ausweichen ignoriert und Glutboden legt","Kamm aus Licht entlang des Rückens, hell wie die aufgehende Sonne"
ECHO_056,56,Memoro,Memorumbra avitus,Ahnenhauch-Echo,L023,1,Single,A12,M,1.2,34.6,Type.Spirit,,R02,Schwebende Ahnenfelsen,R02_Z02,Rare,Weather.Fog,Behavior.Activity.Nocturnal,Behavior.Mimic|Behavior.Guardian|Behavior.Drifter,Niche.Combat|Niche.Research,Support,,Wave,180,SpDefense:2,86,63,82,78,90,71,100,102,,,35,ITM_LURE_LANTERN,Ahnenruf: heilt einen Verbündeten und gibt ihm Furcht-Immunität,Klanszeichen erscheinen als leuchtende Gravuren in der Nebelgestalt
ECHO_057,57,Resonix,Resovespa echolocans,Echoflatter-Echo,L024,1,Single,A05,S,0.35,3.8,Type.Sound,,R02,Höhlen im Grollschlund,R02_Z03,Uncommon,,Behavior.Activity.Nocturnal,Behavior.Echolocator|Behavior.Flier|Behavior.Swarm,Niche.Combat|Niche.Field,Speed,,Wave,180,Speed:2,65,85,61,77,65,107,96,110,,,45,ITM_LURE_BELLCHIME,"Ortungsruf: Klang-Angriff, enthüllt Ziele (Ausweichen ignorieren) für 1 Zug","Riesige Ohren mit Ringmustern, die bei jedem Ruf aufleuchten"
ECHO_058,58,Runkar,Runosaxum inscriptus,Runenstein-Echo,L025,1,Single,A13,M,1.3,300,Type.Arcane,Type.Stone,R02,Alte Pässe mit Grenzsteinen,R02_Z04|R02_Z05,Rare,Moon.NewMoon,Behavior.Activity.Nocturnal,Behavior.Guardian|Behavior.Solitary|Behavior.Glowing,Niche.Combat|Niche.Research,Control,,Wave,180,SpAttack:2,80,64,80,92,84,80,102,100,,,30,ITM_LURE_BELLCHIME,Runenwechsel: ändert den Typ eines Gegners für 2 Züge in Stein,Runen auf dem Körper ordnen sich bei jedem Atemzug neu
ECHO_059,59,Mirepip,Toxibufo limosus,Schlammkröten-Echo,L026,1,Three,A09,XS,0.18,1.0,Type.Venom,,R03,Schlammige Ufer im Ried,R03_Z01|R03_Z02,Common,,Behavior.Activity.Nocturnal,Behavior.Mudbather|Behavior.Singer|Behavior.FamilyGroup,Niche.Combat|Niche.Breeding,Control,,Steady,60,SpDefense:1,51,41,51,58,53,51,102,100,ECHO_060,Level>=18,60,ITM_FOOD_MOORBERRY,Schlammspritzer: Gift-Stapel + Präzision −1,Warzen in Spiralmustern leuchten giftgrün beim Quaken
ECHO_060,60,Mirel,Toxibufo pustulatus,Sumpfkröten-Echo,L026,2,Three,A09,S,0.5,21.9,Type.Venom,Type.Tide,R03,Duvreth-Sümpfe,R03_Z03,Uncommon,,Behavior.Activity.Nocturnal,Behavior.Mudbather|Behavior.Ambusher|Behavior.Territorial,Niche.Combat|Niche.Breeding,Control,,Steady,140,SpDefense:2,71,57,71,81,74,71,102,100,ECHO_061,Level>=32,45,ITM_FOOD_MOORBERRY,"Sumpfblase: Gift-Angriff auf eine Reihe, legt Terrain Sumpf","Kehlsack mit leuchtenden Ringen, bläht sich zur Drohung"
ECHO_061,61,Toxmire,Toxibufo rex,Moorkönigs-Echo,L026,3,Three,A09,M,1.3,384.5,Type.Venom,Type.Tide,R03,Versunkene Senke,,Rare,Spawn.None,Behavior.Activity.Nocturnal,Behavior.Mudbather|Behavior.Territorial|Behavior.Solitary,Niche.Combat,Control,,Steady,210,SpDefense:3,90,69,90,99,90,82,102,100,,,35,ITM_FOOD_MOORBERRY,"Moorkrone: Crescendo – Sumpf-Terrain auf allen Reihen, alle Gegner erhalten 2 Gift-Stapel",Krone aus Warzen auf dem Kopf leuchtet in Wellen
ECHO_062,62,Undling,Silurundina barbatus,Bartfisch-Echo,L027,1,Three,A08,XS,0.25,2.7,Type.Tide,,R03,"Kanäle von Morvenfurt, Ried",R03_Z01|R03_Z02,Common,,Behavior.Activity.Nocturnal,Behavior.Swimmer|Behavior.Scavenger|Behavior.Curious,Niche.Combat|Niche.Mount,Tank,,Steady,60,HP:1,62,47,67,36,57,41,100,92,ECHO_063,Level>=18,55,ITM_FOOD_SMOKEDFISH,"Schlammwirbel: Flut-Angriff, Ziel wird in die Hinterreihe gespült",Lange Barteln leuchten wie Laternen im trüben Wasser
ECHO_063,63,Undfin,Silurundina vector,Kanalwels-Echo,L027,2,Three,A08,M,1.4,480.2,Type.Tide,,R03,Morve-Delta und tiefe Kanäle,R03_Z02|R03_Z03,Uncommon,,Behavior.Activity.Nocturnal,Behavior.Swimmer|Behavior.Guardian|Behavior.Sleepy,Niche.Combat|Niche.Mount,Tank,Mount.Swim,Steady,140,HP:2,86,65,93,50,79,57,100,92,ECHO_064,Level>=34 & Weather=Rain,45,ITM_FOOD_SMOKEDFISH,"Strömungsschild: Schild für die Reihe, heilt bei Regen über Zeit",Klangmal als Ringe um die Flossen; leuchtet unter Wasser bis 10 m weit
ECHO_064,64,Undrath,Silurundina maximus,Deltariesen-Echo,L027,3,Three,A08,L,2.8,3841.6,Type.Tide,Type.Spirit,R03,Tiefe Stellen im Morve-Delta,,Rare,Spawn.None,Behavior.Activity.Nocturnal,Behavior.Swimmer|Behavior.Solitary|Behavior.Guardian,Niche.Combat|Niche.Mount,Tank,Mount.Swim,Steady,210,HP:3,105,79,114,61,96,70,100,92,,,35,ITM_FOOD_SMOKEDFISH,"Deltaflut: Crescendo – alle Gegner werden in die Hinterreihe gespült, eigene Seite heilt",Barteln wie Geisterlaternen; das Klangmal schimmert durch trübes Wasser
ECHO_065,65,Irrlit,Ignisfatuus errans,Irrlicht-Echo,L028,1,Three,A12,XS,0.15,0.1,Type.Spirit,,R03,Nebelfelder über dem Ried,R03_Z01|R03_Z04,Common,,Behavior.Activity.Nocturnal,Behavior.Glowing|Behavior.Drifter|Behavior.Playful,Niche.Combat|Niche.Research,Caster,,Wave,60,SpAttack:1,45,30,43,70,52,60,104,100,ECHO_066,Level>=16 & TimeOfDay=Night,55,ITM_LURE_LANTERN,"Irrführung: Geist-Angriff, Ziel greift 1 Zug lang zufällig an","Ein kleiner Lichtkern, der beim Lachen flackert"
ECHO_066,66,Irrel,Ignisfatuus ludibunda,Nebelgaukler-Echo,L028,2,Three,A12,S,0.5,2.5,Type.Spirit,Type.Light,R03,Nebelwald Corrach,R03_Z04,Uncommon,,Behavior.Activity.Nocturnal,Behavior.Glowing|Behavior.Mimic|Behavior.Playful,Niche.Combat|Niche.Research,Caster,,Wave,140,SpAttack:2,64,43,60,99,74,85,104,100,ECHO_067|ECHO_068,(Level>=32) | (Level>=32 & Zone=R03_Z05 & Moon=NewMoon),45,ITM_LURE_LANTERN,"Spiegellicht: erzeugt eine Täuschung, die einen Angriff abfängt","Mehrere Lichtkerne, die sich umkreisen"
ECHO_067,67,Irraune,Ignisfatuus lanternaria,Laternengeist-Echo,L028,3,Three,A12,M,1.3,43.9,Type.Spirit,Type.Light,R03,"Versunkene Senke, Turmruinen",,Rare,Spawn.None,Behavior.Activity.Nocturnal,Behavior.Glowing|Behavior.Guardian|Behavior.Drifter,Niche.Combat|Niche.Research,Caster,,Wave,210,SpAttack:3,78,52,74,121,91,104,104,100,,,30,ITM_LURE_LANTERN,"Laternenreigen: Crescendo – trifft alle Gegner, blendet und reinigt die eigene Seite",Ein Kranz aus Laternenlichtern um eine durchscheinende Gestalt
ECHO_068,68,Sigilaune,Ignisfatuus occulta,Siegellicht-Echo,L028,3,Branch,A12,M,1.2,34.6,Type.Arcane,Type.Spirit,R03,Versunkener Turm,,VeryRare,Spawn.None,Behavior.Activity.Nocturnal,Behavior.Glowing|Behavior.Collector|Behavior.Solitary,Niche.Combat|Niche.Research,Control,,Wave,210,SpAttack:3,87,69,87,100,91,86,102,100,,,25,ITM_LURE_GLYPHTOKEN,"Siegelreigen: kehrt die Typtabelle für 1 Zug gegen ein Ziel um, versiegelt dessen Crescendo",Statt Laternen umkreisen Glyphen die Gestalt
ECHO_069,69,Blossi,Dionaeflos captans,Klappblüten-Echo,L029,1,Three,A14,XS,0.25,2.7,Type.Bloom,,R03,Moospolster im Ried,R03_Z01|R03_Z03,Common,,Behavior.Activity.Diurnal,Behavior.Ambusher|Behavior.Camouflaged|Behavior.Sunbather,Niche.Combat|Niche.Breeding,Striker,,Steady,60,Attack:1,49,70,46,36,44,65,106,96,ECHO_070,Level>=20,55,ITM_FOOD_MOORBERRY,"Klappfalle: Blüte-Angriff, hält ein Ziel 1 Zug fest","Blütenrand mit leuchtenden Härchen, die beim Zuschnappen aufblitzen"
ECHO_070,70,Blossar,Dionaeflos vorax,Fangblumen-Echo,L029,2,Three,A14,S,0.7,60.0,Type.Bloom,Type.Venom,R03,Duvreth-Sümpfe,R03_Z03,Uncommon,,Behavior.Activity.Diurnal,Behavior.Ambusher|Behavior.Camouflaged|Behavior.Territorial,Niche.Combat|Niche.Breeding,Striker,,Steady,140,Attack:2,68,97,64,50,61,90,106,96,ECHO_071,Level>=36,45,ITM_FOOD_MOORBERRY,Nektarfalle: lockt Gegner in die Vorderreihe und vergiftet,Süßlich leuchtender Nektar im Kelch zeigt das Klangmal
ECHO_071,71,Blossmire,Dionaeflos regina,Moorrosen-Echo,L029,3,Three,A14,L,2.2,650,Type.Bloom,Type.Venom,R03,Versunkene Senke,,Rare,Spawn.None,Behavior.Activity.Diurnal,Behavior.Ambusher|Behavior.Solitary|Behavior.Guardian,Niche.Combat,Striker,,Steady,210,Attack:3,83,118,79,61,75,109,106,96,,,30,ITM_FOOD_MOORBERRY,"Moorrosenblüte: Crescendo – greift alle Gegner an, heilt um den verursachten Schaden","Riesige Blüte, deren Blätter wie ein Herz pulsieren"
ECHO_072,72,Virmote,Culexmota susurrans,Summschwarm-Echo,L030,1,Two,A16,XS,0.05,0.01,Type.Venom,,R03,Über stehendem Wasser,R03_Z01|R03_Z02|R03_Z03,Common,,Behavior.Activity.Crepuscular,Behavior.Swarm|Behavior.Flier|Behavior.Singer,Niche.Combat,Speed,,Swift,75,Speed:1,48,63,45,57,48,79,96,110,ECHO_073,Level>=24,60,ITM_FOOD_MOORBERRY,Stichschwarm: drei kleine Gift-Treffer,Der Schwarm leuchtet in der Dämmerung als grünlicher Schleier
ECHO_073,73,Virwyn,Culexmota nebulosus,Fieberschwarm-Echo,L030,2,Two,A16,S,0.7,0.3,Type.Venom,Type.Storm,R03,Nebelwald Corrach,R03_Z04,Uncommon,,Behavior.Activity.Crepuscular,Behavior.Swarm|Behavior.Flier|Behavior.Hunter,Niche.Combat,Speed,,Swift,190,Speed:2,70,90,65,82,69,114,96,110,,,40,ITM_FOOD_MOORBERRY,"Fieberwolke: Gift auf eine Reihe, getroffene Gegner verlieren Präzision",Der Schwarm formt flügelartige Schleier mit leuchtenden Adern
ECHO_074,74,Blightkin,Paludopus lentus,Moorkraken-Echo,L031,1,Two,A17,S,0.5,21.9,Type.Venom,,R03,Schlammige Tümpel,R03_Z03|R03_Z05,Uncommon,,Behavior.Activity.Nocturnal,Behavior.Ambusher|Behavior.Camouflaged|Behavior.ToolUser,Niche.Combat|Niche.Field,Control,,Steady,75,SpDefense:1,58,46,58,66,60,57,102,100,ECHO_075,Level>=26,45,ITM_FOOD_SMOKEDFISH,Tintenschlamm: Gift + Präzision −1 für alle Gegner einer Reihe,Saugnäpfe mit leuchtenden Rändern
ECHO_075,75,Blightar,Paludopus paludosus,Sumpftentakel-Echo,L031,2,Two,A17,M,1.4,480.2,Type.Venom,Type.Tide,R03,Versunkene Senke,R03_Z05,Rare,Weather.Fog,Behavior.Activity.Nocturnal,Behavior.Ambusher|Behavior.Territorial|Behavior.ToolUser,Niche.Combat|Niche.Field,Control,,Steady,190,SpDefense:2,83,66,82,95,87,82,102,100,,,35,ITM_FOOD_SMOKEDFISH,Tentakelnetz: hält zwei Ziele fest (Zeitleiste +) und vergiftet,"Lange Arme mit Leuchtringen, die im Nebel pulsieren"
ECHO_076,76,Brinlet,Uliginochelys musci,Moosschild-Echo,L032,1,Two,A11,S,0.4,11,Type.Tide,,R03,"Morvenfurt-Kanäle, Ufer",R03_Z01|R03_Z02,Common,,Behavior.Activity.Diurnal,Behavior.Sunbather|Behavior.Swimmer|Behavior.Sleepy,Niche.Combat|Niche.Breeding,Tank,,Late,75,Defense:1,69,52,75,40,63,46,100,92,ECHO_077,Level>=28,55,ITM_FOOD_KELPSNACK,Panzerdusche: Schild + Heilung über Zeit für sich,Moos auf dem Panzer wächst entlang eines leuchtenden Musters
ECHO_077,77,Brinshell,Uliginochelys vectrix,Kanalpanzer-Echo,L032,2,Two,A11,L,1.7,500,Type.Tide,Type.Bloom,R03,Delta und breite Kanäle,R03_Z02|R03_Z03,Uncommon,,Behavior.Activity.Diurnal,Behavior.Sunbather|Behavior.Swimmer|Behavior.Guardian,Niche.Combat|Niche.Mount,Tank,Mount.Ground,Late,190,Defense:2,100,75,108,58,92,67,100,92,,,45,ITM_FOOD_KELPSNACK,"Gartenpanzer: Schild für die Reihe, Überwuchs auf der eigenen Reihe","Auf dem Panzer wächst ein kleiner Garten, dessen Blüten im Takt leuchten"
ECHO_078,78,Umbrling,Umbranguilla obscurus,Schattenaal-Echo,L033,1,Two,A07,S,0.7,3,Type.Void,,R03,Dunkle Tiefen der Senke,R03_Z05,Uncommon,,Behavior.Activity.Nocturnal,Behavior.Ambusher|Behavior.Swimmer|Behavior.Shy,Niche.Combat|Niche.Research,Caster,,Wave,75,SpAttack:1,52,35,49,80,60,69,104,100,ECHO_079,Level>=28 & TimeOfDay=Night,45,ITM_FOOD_SMOKEDFISH,"Schattensog: Leere-Angriff, entzieht dem Ziel einen Buff","Statt Leuchtpunkten trägt es dunkle Ringe, in denen Licht verschwindet"
ECHO_079,79,Umbracoil,Umbranguilla vacuus,Leerschlangen-Echo,L033,2,Two,A07,M,1.55,25,Type.Void,Type.Tide,R03,Versunkener Turm,R03_Z05,Rare,TimeOfDay.Night|Weather.Fog,Behavior.Activity.Nocturnal,Behavior.Ambusher|Behavior.Solitary|Behavior.Swimmer,Niche.Combat|Niche.Research,Caster,,Wave,190,SpAttack:2,74,50,70,115,87,99,104,100,,,30,ITM_FOOD_SMOKEDFISH,Stillstrom: entzieht dem Gegner 15 Harmonie und verlangsamt,Die Ringe wurden zu Löchern im Licht – das Klangmal ist Abwesenheit
ECHO_080,80,Weidlit,Salixmanes lacrimosa,Weidenkätzchen-Echo,L034,1,Two,A14,XS,0.28,3.8,Type.Bloom,,R03,Uferweiden in Fennhaven,R03_Z01,Uncommon,,Behavior.Activity.Crepuscular,Behavior.Shy|Behavior.Sleepy|Behavior.Symbiont,Niche.Combat|Niche.Breeding,Support,,Steady,75,SpDefense:1,63,46,60,58,66,52,100,102,ECHO_081,BondTier>=3 & TimeOfDay=Dusk,50,ITM_FOOD_MOORBERRY,"Kätzchenflaum: heilt einen Verbündeten, reinigt Gift",Weiche Kätzchen an den Zweigen leuchten silbern
ECHO_081,81,Weiduna,Salixmanes memorialis,Trauerweiden-Echo,L034,2,Two,A12,M,1.5,67.5,Type.Spirit,Type.Bloom,R03,Friedhofsweiden und Laternenstege,,Rare,Spawn.None,Behavior.Activity.Nocturnal,Behavior.Drifter|Behavior.Guardian|Behavior.Singer,Niche.Combat|Niche.Research,Support,,Steady,190,SpDefense:2,91,66,87,82,95,74,100,102,,,35,ITM_LURE_LANTERN,"Erinnerungshain: heilt die ganze Seite, Verbündete erhalten Furcht-Immunität","Hängende Zweige aus Licht, an deren Enden Erinnerungsbilder aufscheinen"
ECHO_082,82,Morhaw,Ardeaventus silens,Nebelreiher-Echo,L035,1,Single,A05,L,1.7,429.9,Type.Storm,Type.Tide,R03,Flache Wasser im Ried,R03_Z01|R03_Z02,Uncommon,,Behavior.Activity.Crepuscular,Behavior.Hunter|Behavior.Solitary|Behavior.Flier,Niche.Combat|Niche.Mount,Striker,Mount.Fly,Steady,180,Attack:2,76,108,72,56,68,100,106,96,,,40,ITM_FOOD_SMOKEDFISH,"Speerstoß: schneller Angriff, kritischer Treffer gegen Flut-Ziele",Lange Halsfedern mit leuchtenden Bändern
ECHO_083,83,Humbog,Bombinator profundus,Unkenchor-Echo,L036,1,Single,A09,M,0.9,127.6,Type.Sound,Type.Venom,R03,"Tiefe Tümpel, Laternenstege",R03_Z02|R03_Z03,Uncommon,,Behavior.Activity.Nocturnal,Behavior.Singer|Behavior.Sleepy|Behavior.Territorial,Niche.Combat|Niche.Field,Support,,Wave,180,HP:2,86,63,82,78,90,71,100,102,,,45,ITM_FOOD_MOORBERRY,"Unkenruf: Klang-Angriff, gibt allen Verbündeten Harmonie",Riesiger Kehlsack mit konzentrischen Leuchtringen
ECHO_084,84,Torfgor,Turfagolem paludis,Torfriesen-Echo,L037,1,Single,A13,L,2.1,800,Type.Stone,Type.Bloom,R03,Torfstiche bei Riedwacht,R03_Z01|R03_Z03,Rare,Weather.Rain,Behavior.Activity.Cathemeral,Behavior.Sleepy|Behavior.Guardian|Behavior.Camouflaged,Niche.Combat|Niche.Field,Tank,,Late,180,Defense:2,100,75,108,58,92,67,100,92,,,35,ITM_FOOD_MOSSCAKE,"Torfwand: Schild für die ganze Seite, kostet viel Zeit",Moos und Torf auf einem Steinkern; das Klangmal schimmert durch Risse
ECHO_085,85,Marlit,Marimanta planus,Rochenkind-Echo,L038,1,Three,A06,M,0.85,20,Type.Tide,,R06,Flache Buchten und Tangwälder,R06_Z02|R06_Z05,Common,,Behavior.Activity.Diurnal,Behavior.Swimmer|Behavior.Playful|Behavior.Filterer,Niche.Combat|Niche.Mount,Speed,,Steady,60,Speed:1,44,57,41,52,44,72,96,110,ECHO_086,Level>=20,55,ITM_FOOD_KELPSNACK,"Wellenschlag: Flut-Angriff, eigene nächste Aktion schneller","Zwei Leuchtbögen auf den Flossen, die beim Gleiten wellenförmig blinken"
ECHO_086,86,Marwyn,Marimanta velifer,Segelrochen-Echo,L038,2,Three,A06,M,1.5,120,Type.Tide,,R06,Offene Bucht und Riffgrund,R06_Z05,Uncommon,,Behavior.Activity.Diurnal,Behavior.Swimmer|Behavior.Migratory|Behavior.Playful,Niche.Combat|Niche.Mount,Speed,Mount.Swim,Steady,140,Speed:2,61,79,57,72,61,100,96,110,ECHO_087,Level>=36 & Weather=Thunderstorm,45,ITM_FOOD_KELPSNACK,"Gischtsprung: Angriff aus dem Sprung, ignoriert Formation",Flossenränder leuchten wie Segelsäume
ECHO_087,87,Maraune,Marimanta caelestis,Himmelsrochen-Echo,L038,3,Three,A06,XL,4.5,1500,Type.Tide,Type.Storm,R06,Über dem Meer bei Sturm,,Rare,Spawn.None,Behavior.Activity.Diurnal,Behavior.Flier|Behavior.Swimmer|Behavior.Migratory,Niche.Combat|Niche.Mount,Speed,Mount.Fly,Steady,210,Speed:3,75,97,71,88,75,124,96,110,,,30,ITM_FOOD_KELPSNACK,Sturmflut: Crescendo – trifft alle Gegner und spült die Hinterreihe nach vorn,"Riesige Flossen mit Wellenlinien aus Licht, die im Flug pulsieren"
ECHO_088,88,Tidling,Tideoctopus curiosus,Gezeitenkraken-Echo,L039,1,Three,A17,S,0.4,11.2,Type.Tide,,R06,Gezeitenbecken,R06_Z01|R06_Z02,Common,,Behavior.Activity.Crepuscular,Behavior.Curious|Behavior.ToolUser|Behavior.Camouflaged,Niche.Combat|Niche.Field,Control,,Steady,60,SpDefense:1,51,41,51,58,53,51,102,100,ECHO_089,Level>=18,55,ITM_FOOD_SHELLMEAT,"Tintenstoß: Flut-Angriff, Präzision des Ziels −1",Farbwechselnde Haut; das Klangmal erscheint als Punktmuster bei Aufregung
ECHO_089,89,Tidel,Tideoctopus sagax,Riffkraken-Echo,L039,2,Three,A17,M,1.2,302.4,Type.Tide,,R06,Riffgrund und Hafenbecken,R06_Z05,Uncommon,,Behavior.Activity.Crepuscular,Behavior.ToolUser|Behavior.Collector|Behavior.Camouflaged,Niche.Combat|Niche.Mount,Control,Mount.Swim,Steady,140,SpDefense:2,72,57,72,82,75,72,102,100,ECHO_090,Level>=34,45,ITM_FOOD_SHELLMEAT,Riffgriff: hält ein Ziel fest und spült es in die andere Reihe,Saugnäpfe leuchten nacheinander auf wie Lauflichter
ECHO_090,90,Tidrex,Tideoctopus abyssalis,Tiefenkraken-Echo,L039,3,Three,A17,L,2.8,3841.6,Type.Tide,Type.Arcane,R06,Tiefe vor Saltrand-Hafen,,Rare,Spawn.None,Behavior.Activity.Nocturnal,Behavior.ToolUser|Behavior.Solitary|Behavior.Guardian,Niche.Combat|Niche.Mount,Control,Mount.Swim,Steady,210,SpAttack:3,88,70,87,101,92,87,102,100,,,30,ITM_FOOD_SHELLMEAT,Tiefsog: Crescendo – zieht alle Gegner in die Vorderreihe und verlangsamt sie,"Arme mit Mustern, die an dorunische Glyphen erinnern"
ECHO_091,91,Brikin,Pelagornis clamans,Möwenkind-Echo,L040,1,Three,A05,XS,0.28,1.9,Type.Storm,,R06,"Klippen, Häfen, Dünen",R06_Z01|R06_Z03|R06_Z04,Common,,Behavior.Activity.Diurnal,Behavior.Flier|Behavior.Scavenger|Behavior.Curious,Niche.Combat,Speed,,Swift,60,Speed:1,43,56,41,51,43,71,96,110,ECHO_092,Level>=18,55,ITM_FOOD_SMOKEDFISH,"Sturzschrei: Angriff, der Harmonie +5 erzeugt",Weiße Schwungfedern mit leuchtendem Band
ECHO_092,92,Brisel,Pelagornis procellarius,Sturmsegler-Echo,L040,2,Three,A05,S,0.75,36.9,Type.Storm,Type.Tide,R06,"Leuchtfelsen, offene See",R06_Z03|R06_Z04,Uncommon,,Behavior.Activity.Diurnal,Behavior.Flier|Behavior.Migratory|Behavior.Hunter,Niche.Combat,Speed,,Swift,140,Speed:2,61,79,57,72,61,100,96,110,ECHO_093,Level>=36,45,ITM_FOOD_SMOKEDFISH,Gischtpfeil: Mehrfachtreffer bei Regen und Gewitter stärker,Flügelbänder ziehen leuchtende Linien in die Luft
ECHO_093,93,Brision,Pelagornis regalis,Albatros-Echo,L040,3,Three,A05,L,2.0,700.0,Type.Storm,Type.Tide,R06,Über dem offenen Meer,,Rare,Spawn.None,Behavior.Activity.Diurnal,Behavior.Flier|Behavior.Migratory|Behavior.Solitary,Niche.Combat|Niche.Mount,Speed,Mount.Fly,Swift,210,Speed:3,75,97,71,88,75,124,96,110,,,30,ITM_FOOD_SMOKEDFISH,Weltumsegler: Crescendo – alle Verbündeten handeln sofort hintereinander (Zeitleiste),"Spannweite mit Klangmal-Bändern, die im Gegenwind singen"
ECHO_094,94,Aquapip,Lanternichthys lucens,Leuchtfischchen-Echo,L041,1,Three,A08,XS,0.15,0.6,Type.Tide,,R06,Riff und Hafenbecken nachts,R06_Z02|R06_Z05,Common,,Behavior.Activity.Nocturnal,Behavior.Swarm|Behavior.Glowing|Behavior.Swimmer,Niche.Combat|Niche.Research,Caster,,Swift,60,SpAttack:1,45,30,43,70,52,60,104,100,ECHO_095,Level>=16,60,ITM_FOOD_KELPSNACK,"Leuchtschwarm: Flut-Angriff, blendet","Leuchtorgan am Kopf, Schwärme pulsieren synchron"
ECHO_095,95,Aquafin,Lanternichthys lanterna,Laternenfisch-Echo,L041,2,Three,A08,S,0.6,37.8,Type.Tide,Type.Light,R06,Riffgrund,R06_Z05,Uncommon,,Behavior.Activity.Nocturnal,Behavior.Glowing|Behavior.Ambusher|Behavior.Swimmer,Niche.Combat|Niche.Research,Caster,,Swift,140,SpAttack:2,64,43,60,99,74,85,104,100,ECHO_096|ECHO_097,(Level>=32) | (Level>=32 & Moon=NewMoon & Zone=R06_Z05),45,ITM_FOOD_KELPSNACK,Köderlicht: lockt einen Gegner in die Vorderreihe,"Lange Angel mit Leuchtkugel, die das Klangmal trägt"
ECHO_096,96,Aquadral,Lanternichthys profundus,Tiefenlaternen-Echo,L041,3,Three,A08,L,2.0,1400.0,Type.Tide,Type.Light,R06,Tiefe Grotten,,Rare,Spawn.None,Behavior.Activity.Nocturnal,Behavior.Glowing|Behavior.Solitary|Behavior.Ambusher,Niche.Combat|Niche.Mount,Caster,Mount.Swim,Swift,210,SpAttack:3,78,52,74,121,91,104,104,100,,,30,ITM_FOOD_KELPSNACK,"Tiefenleuchten: Crescendo – trifft alle Gegner, enthüllt sie (Ausweichen ignoriert) 2 Züge",Dutzende Leuchtpunkte wie ein Sternbild auf dem Körper
ECHO_097,97,Mystdral,Lanternichthys arcanus,Glyphenfisch-Echo,L041,3,Branch,A08,L,1.9,1200.3,Type.Arcane,Type.Tide,R06,Tiefseegrotte bei Neumond,,VeryRare,Spawn.None,Behavior.Activity.Nocturnal,Behavior.Glowing|Behavior.Solitary|Behavior.Collector,Niche.Combat|Niche.Research,Control,,Swift,210,SpAttack:3,87,69,87,100,91,86,102,100,,,25,ITM_LURE_GLYPHTOKEN,Glyphenlicht: ändert den Typ eines Gegners für 2 Züge in Flut,"Leuchtpunkte formen dorunische Zeichen, die sich verschieben"
ECHO_098,98,Aerlet,Aeromedusa vagans,Windquallen-Echo,L042,1,Two,A12,XS,0.25,0.1,Type.Storm,,R06,Über Dünen und Wellen,R06_Z01|R06_Z03,Common,,Behavior.Activity.Diurnal,Behavior.Drifter|Behavior.Flier|Behavior.Glowing,Niche.Combat,Control,,Swift,75,SpDefense:1,57,45,57,65,59,57,102,100,ECHO_099,Level>=24,55,ITM_LURE_WINDCHIME,Nesselwind: Sturm-Angriff mit Chance auf Verlangsamung,Durchsichtiger Schirm mit pulsierendem Ring
ECHO_099,99,Aerluna,Aeromedusa tempestiva,Sturmquallen-Echo,L042,2,Two,A12,S,0.75,0.8,Type.Storm,Type.Light,R06,Klippen bei Gewitter,R06_Z03|R06_Z04,Rare,Weather.Thunderstorm,Behavior.Activity.Diurnal,Behavior.Drifter|Behavior.Flier|Behavior.Glowing,Niche.Combat,Control,,Swift,190,SpDefense:2,82,65,82,94,86,81,102,100,,,40,ITM_LURE_WINDCHIME,"Blitzschirm: lädt sich im Gewitter auf, entlädt auf alle Gegner","Tentakel aus Licht, die bei Blitzen aufleuchten"
ECHO_100,100,Stonlet,Litorochelys arenaria,Sandpanzer-Echo,L043,1,Two,A11,S,0.35,10,Type.Stone,,R06,Dünenküste,R06_Z01,Common,,Behavior.Activity.Diurnal,Behavior.Burrower|Behavior.Sunbather|Behavior.Migratory,Niche.Combat|Niche.Breeding,Tank,,Late,75,Defense:1,68,51,74,40,62,45,100,92,ECHO_101,Level>=26,55,ITM_FOOD_KELPSNACK,"Sandgrube: gräbt sich ein (Verteidigung +2, nächster Angriff stärker)","Panzer mit Muster aus Sandkörnern, das bei Sonne glitzert"
ECHO_101,101,Stonshell,Litorochelys vectrix,Strandpanzer-Echo,L043,2,Two,A11,L,1.7,550,Type.Stone,Type.Tide,R06,Strände und Watt,R06_Z01|R06_Z02,Uncommon,,Behavior.Activity.Diurnal,Behavior.Migratory|Behavior.Sunbather|Behavior.Guardian,Niche.Combat|Niche.Mount,Tank,Mount.Ground,Late,190,Defense:2,100,75,108,58,92,67,100,92,,,45,ITM_FOOD_KELPSNACK,"Wattpanzer: Schild für die Reihe, Flut-Schaden halbiert","Riesiger Panzer mit Muscheln, die das Klangmal säumen"
ECHO_102,102,Glimkin,Glimmacaris saliens,Leuchtgarnelen-Echo,L044,1,Two,A10,XS,0.12,0.3,Type.Light,,R06,Gezeitenbecken und Algen,R06_Z01|R06_Z02,Common,,Behavior.Activity.Nocturnal,Behavior.Glowing|Behavior.Swarm|Behavior.Filterer,Niche.Combat|Niche.Research,Support,,Swift,75,SpDefense:1,61,45,59,56,64,50,100,102,ECHO_103,Level>=22,60,ITM_FOOD_KELPSNACK,Lichtpuls: reinigt einen Verbündeten und heilt leicht,Der ganze Körper glimmt in Wellen
ECHO_103,103,Glimar,Glimmacaris radiosa,Lichtkrebs-Echo,L044,2,Two,A10,S,0.55,29.1,Type.Light,Type.Tide,R06,Leuchtfelsen-Becken,R06_Z04,Uncommon,,Behavior.Activity.Nocturnal,Behavior.Glowing|Behavior.Guardian|Behavior.Filterer,Niche.Combat|Niche.Research,Support,,Swift,190,SpDefense:2,89,64,85,81,93,73,100,102,,,45,ITM_FOOD_KELPSNACK,"Lichtschild: Schild auf einen Verbündeten, reflektiert Licht-Schaden",Scherenpanzer leuchtet wie eine kleine Laterne
ECHO_104,104,Ariette,Ariacetus cantans,Walkalb-Echo,L045,1,Two,A06,M,1.5,300,Type.Sound,,R06,Offene Bucht,R06_Z02,Uncommon,,Behavior.Activity.Crepuscular,Behavior.Singer|Behavior.Swimmer|Behavior.Playful,Niche.Combat|Niche.Research,Support,,Late,75,HP:1,64,47,61,58,67,53,100,102,ECHO_105,Level>=28 & TimeOfDay=Dusk,50,ITM_LURE_WINDCHIME,"Walgesang: Klang-Angriff, Verbündete erhalten Harmonie",Rillen am Bauch leuchten im Takt des Gesangs
ECHO_105,105,Ariuna,Ariacetus magna,Singwal-Echo,L045,2,Two,A06,XL,7.5,14000,Type.Sound,Type.Tide,R06,Tiefe Bucht und offenes Meer,,Rare,Spawn.None,Behavior.Activity.Crepuscular,Behavior.Singer|Behavior.Migratory|Behavior.Guardian,Niche.Combat|Niche.Mount,Support,Mount.Swim,Late,190,HP:2,93,67,88,84,97,76,100,102,,,35,ITM_LURE_WINDCHIME,Tiefgesang: heilt die ganze Seite und verzögert alle Gegner,"Riesige Rillen, in denen das Klangmal wie ein Lied wandert"
ECHO_106,106,Tangi,Laminaria fluitans,Tangsprössling-Echo,L046,1,Two,A14,XS,0.28,3.8,Type.Bloom,,R06,Tangwälder in der Bucht,R06_Z02,Common,,Behavior.Activity.Diurnal,Behavior.Drifter|Behavior.Symbiont|Behavior.Camouflaged,Niche.Combat|Niche.Breeding,Support,,Steady,75,SpDefense:1,62,45,60,57,65,51,100,102,ECHO_107,Level>=24 & Weather=Rain,55,ITM_FOOD_KELPSNACK,Tangwickel: heilt sich und hält ein Ziel leicht fest,Blasen an den Wedeln leuchten grün
ECHO_107,107,Tangix,Laminaria nociva,Nesseltang-Echo,L046,2,Two,A14,M,1.2,48,Type.Venom,Type.Bloom,R06,Tangwald-Ränder bei Regen,R06_Z02|R06_Z05,Uncommon,,Behavior.Activity.Diurnal,Behavior.Ambusher|Behavior.Camouflaged|Behavior.Territorial,Niche.Combat|Niche.Breeding,Control,,Steady,190,SpDefense:2,82,65,82,94,86,81,102,100,,,40,ITM_FOOD_KELPSNACK,"Nesselwald: Gift-Stapel auf alle Gegner, Terrain Sumpf",Nesselfäden leuchten violett entlang der Wedel
ECHO_108,108,Brassel,Orichalcobius faber,Werftgnom-Echo,L047,1,Single,A04,S,0.6,25,Type.Metal,Type.Tide,R06,Werften und Wracks,R06_Z02|R06_Z03,Uncommon,,Behavior.Activity.Diurnal,Behavior.ToolUser|Behavior.Collector|Behavior.Curious,Niche.Combat|Niche.Field,AllRound,,Steady,180,Defense:2,79,79,78,78,78,78,100,100,,,50,ITM_FOOD_SHELLMEAT,Nietflickwerk: repariert Schild eines Verbündeten und gibt Rüstung,Messingplatten auf Brust und Armen glänzen im Takt
ECHO_109,109,Sheamast,Naufragium perditus,Wrackgeist-Echo,L048,1,Single,A12,M,1.4,54.9,Type.Spirit,Type.Tide,R06,Wracks vor dem Leuchtfelsen,R06_Z04|R06_Z05,Rare,Weather.Fog|TimeOfDay.Night,Behavior.Activity.Nocturnal,Behavior.Drifter|Behavior.Mimic|Behavior.Solitary,Niche.Combat|Niche.Research,Caster,,Wave,180,SpAttack:2,72,48,68,112,84,96,104,100,,,30,ITM_LURE_LANTERN,"Nebelhorn: Geist-Angriff auf alle Gegner, Furcht-Chance",Zerfetzte Segel aus Licht flattern um eine Mastgestalt
ECHO_110,110,Opalisk,Margaritifera nacrea,Perlmuschel-Echo,L049,1,Single,A11,S,0.5,20,Type.Crystal,Type.Tide,R06,Riffgrund,R06_Z05,Rare,Moon.FullMoon,Behavior.Activity.Nocturnal,Behavior.Sleepy|Behavior.Collector|Behavior.Glowing,Niche.Combat|Niche.Breeding,Tank,,Late,180,SpDefense:2,95,64,102,61,95,63,100,92,,,35,ITM_FOOD_SHELLMEAT,Perlmuttspiegel: reflektiert den nächsten Spezialangriff,Eine Perle im Inneren trägt das Klangmal und leuchtet bei Vollmond
ECHO_111,111,Solkit,Heliovulpes minimus,Sonnenfuchs-Echo,L050,1,Three,A01,XS,0.28,3.8,Type.Light,,R04,Dünenkämme und Oasenränder,R04_Z01|R04_Z02,Common,,Behavior.Activity.Crepuscular,Behavior.Curious|Behavior.Playful|Behavior.Sunbather,Niche.Combat|Niche.Field,Striker,,Swift,60,Attack:1,48,68,45,35,42,62,106,96,ECHO_112,Level>=18,60,ITM_FOOD_DATES,"Glanzbiss: Licht-Angriff, der in der Mittagssonne kritisch trifft","Übergroße Ohren mit goldenem Saum, die bei Freude summen"
ECHO_112,112,Solvar,Heliovulpes rutilans,Glutfuchs-Echo,L050,2,Three,A01,S,0.7,60.0,Type.Light,,R04,Sonnenhof-Plateau und Dünen,R04_Z02|R04_Z04,Uncommon,,Behavior.Activity.Diurnal,Behavior.Hunter|Behavior.Sunbather|Behavior.Territorial,Niche.Combat|Niche.Field,Striker,,Swift,140,Attack:2,68,97,64,50,61,90,106,96,ECHO_113,Level>=36,45,ITM_FOOD_DATES,Spiegelsprung: springt durch einen Lichtreflex hinter das Ziel (Positionswechsel),"Schweif mit Lichtsträhnen, die im Lauf flirren wie Hitze"
ECHO_113,113,Solaryx,Heliovulpes regina,Sonnenkronen-Echo,L050,3,Three,A01,M,1.3,384.5,Type.Light,Type.Ember,R04,Sonnenhof-Plateau zur Mittagszeit,,Rare,Spawn.None,Behavior.Activity.Diurnal,Behavior.Hunter|Behavior.Sunbather|Behavior.Solitary,Niche.Combat,Striker,,Swift,210,Attack:3,84,119,80,62,75,110,106,96,,,30,ITM_FOOD_DATES,"Zenitstrahl: Crescendo – mächtiger Licht-Angriff, bei Sonnenwetter ohne Abklingzeit","Eine Mähne aus Strahlen, die zur Mittagszeit eine Krone bildet"
ECHO_114,114,Dunkalb,Psammocamelus tenellus,Dünenkalb-Echo,L051,1,Three,A03,M,1.1,232.9,Type.Stone,,R04,Karawanenwege und Oasen,R04_Z01|R04_Z02,Common,,Behavior.Activity.Diurnal,Behavior.Herd|Behavior.Grazer|Behavior.Shy,Niche.Combat|Niche.Mount,Tank,,Steady,60,HP:1,63,47,68,37,58,42,100,92,ECHO_115,Level>=20,60,ITM_FOOD_DATES,"Sandpanzer: erhöht eigene VER, bei Sandsturm doppelt","Steinerne Höckerplatten, die beim Atmen leise knacken"
ECHO_115,115,Dunhorn,Psammocamelus vector,Karawanen-Echo,L051,2,Three,A03,L,2.2,1863.4,Type.Stone,,R04,Karawanenwege durch die Dünen,R04_Z02|R04_Z05,Uncommon,,Behavior.Activity.Diurnal,Behavior.Herd|Behavior.Grazer|Behavior.Migratory,Niche.Combat|Niche.Mount,Tank,Mount.Ground,Steady,140,HP:2,88,66,95,51,81,59,100,92,ECHO_116,Level>=38 & Zone=R04_Z04,45,ITM_FOOD_DATES,Karawanenschritt: Formation – Verbündete hinter ihm erhalten Schutz,"Hörner wie gewundene Sandsteinsäulen, in denen der Wind singt"
ECHO_116,116,Dunmarsch,Psammocamelus colossus,Wüstenkoloss-Echo,L051,3,Three,A03,XL,3.6,8164.8,Type.Stone,Type.Gravity,R04,Tiefe Weite,,Rare,Spawn.None,Behavior.Activity.Diurnal,Behavior.Herd|Behavior.Guardian|Behavior.Migratory,Niche.Combat|Niche.Mount,Tank,Mount.Ground,Steady,210,HP:3,106,79,115,62,97,71,100,92,,,30,ITM_FOOD_DATES,"Erdlast: Crescendo – erhöht Schwerkraft auf dem Feld, alle Gegner werden langsamer","Rücken trägt einen Felsgrat, um den Sandkörner schweben"
ECHO_117,117,Skarit,Gravicarabus volvens,Kugelkäfer-Echo,L052,1,Three,A10,XS,0.15,0.6,Type.Gravity,,R04,Sandflächen und Dungkugeln,R04_Z02|R04_Z03,Common,,Behavior.Activity.Diurnal,Behavior.Collector|Behavior.Burrower|Behavior.Hoarder,Niche.Combat|Niche.Field,Control,,Steady,60,Defense:1,51,41,51,58,53,51,102,100,ECHO_118,Level>=18,55,ITM_FOOD_ORECRUMBS,"Kugelstoß: rollt eine Sandkugel, verschiebt das Ziel eine Reihe nach hinten","Panzer mit konzentrischen Ringen, die bei Bewegung leise schnurren"
ECHO_118,118,Skaral,Gravicarabus portator,Lastkäfer-Echo,L052,2,Three,A10,S,0.5,21.9,Type.Gravity,Type.Stone,R04,Glasebene und Dünentäler,R04_Z03|R04_Z05,Uncommon,,Behavior.Activity.Diurnal,Behavior.Collector|Behavior.Burrower|Behavior.Territorial,Niche.Combat|Niche.Field,Control,,Steady,140,Defense:2,72,57,72,82,75,72,102,100,ECHO_119,Level>=34,45,ITM_FOOD_ORECRUMBS,"Schwerkugel: Schwerkraft-Angriff, Ziel kann 1 Zug nicht die Reihe wechseln","Hornschild, um das winzige Steinchen kreisen"
ECHO_119,119,Skarabon,Gravicarabus solifer,Sonnenträger-Echo,L052,3,Three,A10,M,1.2,302.4,Type.Gravity,Type.Light,R04,Über der Glasebene im Morgenlicht,,Rare,Spawn.None,Behavior.Activity.Diurnal,Behavior.Guardian|Behavior.Collector|Behavior.Stargazer,Niche.Combat|Niche.Research,Control,,Steady,210,SpDefense:3,88,70,87,101,92,87,102,100,,,30,ITM_FOOD_ORECRUMBS,"Sonnenkugel: Crescendo – erzeugt eine schwebende Lichtkugel, die 3 Züge lang Gegner trifft",Zwischen den Vorderbeinen schwebt eine leuchtende Kugel
ECHO_120,120,Sengel,Ignivermis tenuis,Glutwurm-Echo,L053,1,Three,A07,S,0.5,6,Type.Ember,,R04,Heißer Sand der Mirsaan-Dünen,R04_Z02|R04_Z05,Common,,Behavior.Activity.Diurnal,Behavior.Burrower|Behavior.Thermal|Behavior.Ambusher,Niche.Combat,Striker,,Late,60,Attack:1,49,70,46,36,44,65,106,96,ECHO_121,Level>=22,55,ITM_FOOD_CHARCOAL,"Glutstich: schießt aus dem Sand, trifft zuerst (Priorität +1)","Glühende Ringe, die unter dem Sand sichtbar bleiben"
ECHO_121,121,Sengar,Ignivermis fodiens,Dünenwurm-Echo,L053,2,Three,A07,L,2.8,700,Type.Ember,Type.Stone,R04,Tiefe Dünen,R04_Z05,Uncommon,,Behavior.Activity.Diurnal,Behavior.Burrower|Behavior.Thermal|Behavior.Hunter,Niche.Combat|Niche.Mount,Striker,Mount.Dig,Late,140,Attack:2,70,100,67,52,63,93,106,96,ECHO_122,Level>=40,40,ITM_FOOD_CHARCOAL,"Dünenbruch: Erdbeben-Angriff, trifft beide gegnerischen Reihen","Hitzewellen steigen dort auf, wo er unter dem Sand zieht"
ECHO_122,122,Sengrath,Ignivermis leviathan,Sandleviathan-Echo,L053,3,Three,A07,XXL,9.0,22000,Type.Ember,Type.Stone,R04,Tiefe Weite,,Rare,Spawn.None,Behavior.Activity.Diurnal,Behavior.Burrower|Behavior.Thermal|Behavior.Solitary,Niche.Combat|Niche.Mount,Striker,Mount.Dig,Late,210,Attack:3,86,123,82,64,77,113,106,96,,,25,ITM_FOOD_CHARCOAL,"Glutschlund: Crescendo – verschlingt das Feld, Terrain wird Glutsand (3 Züge)","Ein Maul aus glühenden Ringen, das beim Auftauchen tief brummt"
ECHO_123,123,Stachik,Aculeoscorpio parvus,Stachelskorpion-Echo,L054,1,Two,A10,XS,0.2,1.4,Type.Venom,,R04,Unter Steinen der Glasebene,R04_Z03|R04_Z04,Common,,Behavior.Activity.Nocturnal,Behavior.Ambusher|Behavior.Aggressive|Behavior.Camouflaged,Niche.Combat,Striker,,Steady,75,Attack:1,54,76,51,40,48,71,106,96,ECHO_124,Level>=26,50,ITM_FOOD_ORECRUMBS,"Doppelstich: zwei Treffer, der zweite vergiftet",Stachel leuchtet im Dunkeln grünlich
ECHO_124,124,Stacharon,Aculeoscorpio imperator,Wüstenskorpion-Echo,L054,2,Two,A10,M,1.4,480.2,Type.Venom,Type.Stone,R04,Felsen der Glasebene,R04_Z03|R04_Z05,Rare,TimeOfDay.Night,Behavior.Activity.Nocturnal,Behavior.Ambusher|Behavior.Territorial|Behavior.Hunter,Niche.Combat,Striker,,Steady,190,Attack:2,79,113,75,58,71,104,106,96,,,35,ITM_FOOD_ORECRUMBS,Giftzange: hält das Ziel fest; Gift stapelt sich jede Runde,"Steinplatten mit grünen Leuchtadern, Stachel wie ein Glaskolben"
ECHO_125,125,Sirrkorn,Psammonubes volitans,Sandkorn-Schwarm-Echo,L055,1,Two,A16,XS,0.28,0.8,Type.Storm,,R04,Über den Dünen bei Wind,R04_Z02|R04_Z05,Common,,Behavior.Activity.Diurnal,Behavior.Swarm|Behavior.Drifter|Behavior.Migratory,Niche.Combat,Speed,,Swift,75,Speed:1,49,63,46,58,49,80,96,110,ECHO_126,Level>=26 & Weather=Sandstorm,55,ITM_LURE_WINDCHIME,"Schmirgelwind: Sturm-Angriff, senkt Präzision","Hunderte Körnchen, die zusammen einen hohen Ton sirren"
ECHO_126,126,Sirrsturm,Psammonubes turbo,Sandteufel-Echo,L055,2,Two,A16,M,1.5,90,Type.Storm,Type.Stone,R04,Tiefe Weite bei Sandsturm,R04_Z05,Rare,Weather.Sandstorm,Behavior.Activity.Diurnal,Behavior.Swarm|Behavior.Drifter|Behavior.Aggressive,Niche.Combat,Speed,,Swift,190,Speed:2,70,91,66,83,70,115,96,110,,,35,ITM_LURE_WINDCHIME,Sandteufel: ruft Sandsturm herbei; im Sturm Ausweichen +2,Eine wirbelnde Säule mit zwei glühenden Augenkörnern
ECHO_127,127,Mirasel,Phantasmagus fallax,Trugbild-Echo,L056,1,Two,A04,S,0.75,73.8,Type.Arcane,,R04,Flimmernde Hitze über der Glasebene,R04_Z03,Uncommon,TimeOfDay.Noon,Behavior.Activity.Diurnal,Behavior.Mimic|Behavior.Shy|Behavior.Playful,Niche.Combat|Niche.Research,Control,,Wave,75,SpAttack:1,59,47,58,67,61,58,102,100,ECHO_128,Level>=28 & Weather=Heatwave,45,ITM_LURE_MIRROR,"Flimmerbild: erschafft ein Spiegelbild, das einen Angriff abfängt","Umrisse, die wie Hitze flimmern; ein Ton wie ferne Glöckchen"
ECHO_128,128,Mirazhar,Phantasmagus magnus,Fata-Morgana-Echo,L056,2,Two,A04,M,1.55,651.7,Type.Arcane,Type.Light,R04,Glasebene bei Hitzewelle,R04_Z03|R04_Z05,VeryRare,Weather.Heatwave|TimeOfDay.Noon,Behavior.Activity.Diurnal,Behavior.Mimic|Behavior.Solitary|Behavior.Dancer,Niche.Combat|Niche.Research,Control,,Wave,190,SpAttack:2,84,67,84,97,89,84,102,100,,,25,ITM_LURE_MIRROR,Spiegelstadt: Crescendo-artige Feldkarte – Gegner treffen 2 Züge zufällige Ziele,"Ein Gewand aus gespiegelten Horizonten, das Türme und Wasser zeigt"
ECHO_129,129,Vitrel,Vitrilepis pellucida,Glasmotten-Echo,L057,1,Two,A10,XS,0.12,0.3,Type.Light,,R04,"Glasebene nachts, an Lagerfeuern",R04_Z01|R04_Z03,Common,,Behavior.Activity.Nocturnal,Behavior.Glowing|Behavior.Pollinator|Behavior.Swarm,Niche.Combat|Niche.Research,Support,,Swift,75,SpDefense:1,62,45,60,57,65,51,100,102,ECHO_130,Level>=24 & TimeOfDay=Night,60,ITM_LURE_LANTERN,Glasstaub: heilt einen Verbündeten und entfernt Blendung,"Durchsichtige Flügel, die Licht in Regenbogen brechen"
ECHO_130,130,Vitrapha,Vitrilepis prismatica,Prismamotten-Echo,L057,2,Two,A10,S,0.5,1.2,Type.Light,Type.Crystal,R04,Glasebene im Mondlicht,R04_Z03,Rare,TimeOfDay.Night,Behavior.Activity.Nocturnal,Behavior.Glowing|Behavior.Pollinator|Behavior.Dancer,Niche.Combat|Niche.Research,Support,,Swift,190,SpDefense:2,89,64,85,81,93,73,100,102,,,40,ITM_LURE_LANTERN,Prismaflug: verteilt Heilung auf alle Verbündeten; bei Mondlicht doppelt,Kristallflügel werfen Lichtmuster auf den Sand
ECHO_131,131,Mesakil,Mesatestudo tardus,Tafelschildkröten-Echo,L058,1,Two,A11,S,0.5,21.9,Type.Stone,,R04,Felsplatten am Sonnenhof-Plateau,R04_Z04,Uncommon,,Behavior.Activity.Diurnal,Behavior.Sunbather|Behavior.Sleepy|Behavior.Lithophage,Niche.Combat|Niche.Breeding,Tank,,Late,75,Defense:1,70,52,76,41,64,47,100,92,ECHO_132,Level>=30,50,ITM_FOOD_ORECRUMBS,Tafelschild: schützt die eigene Reihe einen Zug vor Bodenangriffen,Flacher Panzer mit Schichtlinien wie ein Tafelberg
ECHO_132,132,Mesakor,Mesatestudo tabularis,Tafelberg-Echo,L058,2,Two,A11,L,2.0,1400.0,Type.Stone,Type.Ember,R04,Sonnenhof-Plateau,R04_Z04,Rare,Weather.Heatwave,Behavior.Activity.Diurnal,Behavior.Sunbather|Behavior.Guardian|Behavior.Lithophage,Niche.Combat|Niche.Mount,Tank,Mount.Ground,Late,190,Defense:2,100,75,108,58,92,67,100,92,,,35,ITM_FOOD_ORECRUMBS,"Glutplateau: Rückstoß-Schaden gegen Nahkampfangreifer, bei Hitze erhöht",Panzer wie ein kleiner Tafelberg mit glühenden Spalten
ECHO_133,133,Qadrant,Astrolabium mensor,Sternmess-Echo,L059,1,Single,A13,M,1.55,651.7,Type.Metal,Type.Gravity,R04,Ruinen der alten Sternwarten,R04_Z04|R04_Z05,Rare,TimeOfDay.Night,Behavior.Activity.Nocturnal,Behavior.Stargazer|Behavior.Guardian|Behavior.Solitary,Niche.Combat|Niche.Research,Control,,Late,180,SpDefense:2,82,65,82,94,86,81,102,100,,,30,ITM_LURE_STARCHIME,Sternvermessung: sagt den nächsten gegnerischen Zug voraus und verlangsamt ihn,"Kreisende Messingringe mit Sternzeichen, die beim Drehen klicken"
ECHO_134,134,Mahrsil,Caravanimus errans,Karawanengeist-Echo,L060,1,Single,A12,M,1.55,74.5,Type.Spirit,Type.Storm,R04,Verlassene Karawanenwege,R04_Z02|R04_Z05,VeryRare,Weather.Sandstorm|TimeOfDay.Night,Behavior.Activity.Nocturnal,Behavior.Drifter|Behavior.Singer|Behavior.Solitary,Niche.Combat|Niche.Research,Caster,,Wave,180,SpAttack:2,73,48,69,113,85,97,104,100,,,25,ITM_LURE_BELLCHIME,"Glockenruf: Geist-Angriff, Verbündete mit niedrigem HP erhalten Schild","Ein Schleier aus Sand, in dem leise Kamelglocken läuten"
ECHO_135,135,Pyrolm,Pyrotriton pusillus,Funkenmolch-Echo,L061,1,Three,A09,XS,0.2,1.4,Type.Ember,,R05,Warme Tümpel der Aschefelder,R05_Z01|R05_Z02,Common,,Behavior.Activity.Diurnal,Behavior.Thermal|Behavior.Playful|Behavior.Mudbather,Niche.Combat|Niche.Field,Caster,,Steady,60,SpAttack:1,46,31,43,71,53,61,104,100,ECHO_136,Level>=18,60,ITM_FOOD_SULFURCANDY,Funkenspucke: Glut-Angriff mit Brand-Chance,"Leuchtende Kiemenbüschel, die bei Freude Funken sprühen"
ECHO_136,136,Pyrolax,Pyrotriton fervidus,Glutmolch-Echo,L061,2,Three,A09,S,0.6,37.8,Type.Ember,,R05,Schlackenhang und heiße Quellen,R05_Z02|R05_Z03,Uncommon,,Behavior.Activity.Diurnal,Behavior.Thermal|Behavior.Swimmer|Behavior.Territorial,Niche.Combat|Niche.Field,Caster,,Steady,140,SpAttack:2,65,43,61,100,75,86,104,100,ECHO_137,Level>=36,45,ITM_FOOD_SULFURCANDY,Glutbad: Terrain wird Glutboden; eigene Glut-Angriffe stärker,"Rückenkamm aus glühenden Platten, die im Wasser zischen"
ECHO_137,137,Pyroluth,Pyrotriton magmaticus,Lavamolch-Echo,L061,3,Three,A09,M,1.4,480.2,Type.Ember,Type.Stone,R05,Ränder des Vorthax-Schlackenstroms,,Rare,Spawn.None,Behavior.Activity.Diurnal,Behavior.Thermal|Behavior.Swimmer|Behavior.Solitary,Niche.Combat,Caster,,Steady,210,SpAttack:3,79,53,74,122,92,105,104,100,,,30,ITM_FOOD_SULFURCANDY,"Lavaflut: Crescendo – Glut-Welle auf alle Gegner, Terrain Glutboden 3 Züge","Haut aus erkaltender Lava, durch deren Risse Glut pulsiert"
ECHO_138,138,Ambolt,Incudomorphus parvus,Ambossling-Echo,L062,1,Three,A13,S,0.5,21.9,Type.Metal,,R05,Schmiedegassen und Schlackenhalden,R05_Z02,Common,,Behavior.Activity.Diurnal,Behavior.ToolUser|Behavior.Collector|Behavior.Curious,Niche.Combat|Niche.Field,Tank,,Late,60,Defense:1,62,47,67,36,57,41,100,92,ECHO_139,Level>=20,55,ITM_FOOD_ORECRUMBS,"Hammerschlag: Metall-Angriff, der VER des Ziels senkt","Ein kleiner Amboss als Rumpf, der beim Gehen klingt"
ECHO_139,139,Ambrak,Incudomorphus faber,Schmiedegolem-Echo,L062,2,Three,A13,M,1.5,590.6,Type.Metal,Type.Ember,R05,Schmieden und Gießereien,R05_Z02|R05_Z04,Uncommon,,Behavior.Activity.Diurnal,Behavior.ToolUser|Behavior.Guardian|Behavior.Thermal,Niche.Combat|Niche.Field,Tank,,Late,140,Defense:2,88,66,95,51,81,59,100,92,ECHO_140,Level>=38,45,ITM_FOOD_ORECRUMBS,"Glühnieten: verstärkt die Rüstung eines Verbündeten (VER +1, 3 Züge)","Esse im Brustkorb, deren Glut den Herzschlag zeigt"
ECHO_140,140,Ambross,Incudomorphus dominus,Schmiedeherr-Echo,L062,3,Three,A13,L,2.6,3075.8,Type.Metal,Type.Ember,R05,Alte Zwergenschmieden in der Obsidianklamm,,Rare,Spawn.None,Behavior.Activity.Diurnal,Behavior.ToolUser|Behavior.Guardian|Behavior.Solitary,Niche.Combat|Niche.Field,Tank,,Late,210,Defense:3,107,80,116,63,98,71,100,92,,,30,ITM_FOOD_ORECRUMBS,"Weltamboss: Crescendo – Schild auf alle Verbündeten, Gegner, die ihn treffen, erleiden Rückstoß","Hammerarme, deren Schläge einen tiefen Glockenton erzeugen"
ECHO_141,141,Aschwel,Cinericanis catulus,Aschewelpen-Echo,L063,1,Three,A01,XS,0.28,3.8,Type.Ember,,R05,Aschefelder,R05_Z01,Common,,Behavior.Activity.Crepuscular,Behavior.Pack|Behavior.Playful|Behavior.Scavenger,Niche.Combat,Speed,,Swift,60,Speed:1,43,56,41,51,43,71,96,110,ECHO_142,Level>=16,60,ITM_FOOD_CHARCOAL,"Aschesprung: schneller Angriff, hinterlässt Aschewolke (Präzision −1)","Fell aus grauer Asche, darunter glimmende Punkte"
ECHO_142,142,Aschund,Cinericanis venator,Glutjagdhund-Echo,L063,2,Three,A01,S,0.75,73.8,Type.Ember,,R05,Aschefelder und Schlackenhang,R05_Z01|R05_Z02,Uncommon,,Behavior.Activity.Crepuscular,Behavior.Pack|Behavior.Hunter|Behavior.Territorial,Niche.Combat,Speed,,Swift,140,Speed:2,61,79,57,72,61,100,96,110,ECHO_143,Level>=34,45,ITM_FOOD_CHARCOAL,"Rudelhatz: stärker, je mehr Verbündete bereits handelten","Glutadern entlang der Beine, die im Lauf aufleuchten"
ECHO_143,143,Aschgrim,Cinericanis umbrosus,Glutwolf-Echo,L063,3,Three,A01,M,1.2,302.4,Type.Ember,Type.Void,R05,Ignar-Krater bei Nacht,,Rare,Spawn.None,Behavior.Activity.Nocturnal,Behavior.Pack|Behavior.Hunter|Behavior.Solitary,Niche.Combat,Speed,,Swift,210,Speed:3,75,97,71,88,75,124,96,110,,,30,ITM_FOOD_CHARCOAL,Schattenglut: Crescendo – verschwindet in Rauch und trifft alle Gegner nacheinander,"Rauchmähne, durch die rote Augen glühen"
ECHO_144,144,Obsikin,Obsidicancer vitreus,Glaskrebs-Echo,L064,1,Three,A11,S,0.4,11.2,Type.Stone,,R05,Obsidianklamm,R05_Z04,Common,,Behavior.Activity.Nocturnal,Behavior.Lithophage|Behavior.Shy|Behavior.Camouflaged,Niche.Combat|Niche.Field,Tank,,Late,60,Defense:1,62,47,67,36,57,41,100,92,ECHO_145,Level>=22,55,ITM_FOOD_ORECRUMBS,Glaspanzer: verringert physischen Schaden; bei Krit zersplittert er (VER −1),"Schwarzglänzende Schale, auf der das Klangmal als Schliff erscheint"
ECHO_145,145,Obsidar,Obsidicancer scutatus,Obsidiankrebs-Echo,L064,2,Three,A11,M,1.2,302.4,Type.Stone,Type.Crystal,R05,Obsidianklamm und Kraterhänge,R05_Z04|R05_Z05,Uncommon,,Behavior.Activity.Nocturnal,Behavior.Lithophage|Behavior.Territorial|Behavior.Camouflaged,Niche.Combat|Niche.Field,Tank,,Late,140,Defense:2,88,66,95,51,81,59,100,92,ECHO_146,Level>=40,45,ITM_FOOD_ORECRUMBS,"Splitterschere: Angriff, der Splitter-Fallen auf die gegnerische Reihe legt","Scheren wie geschliffene Klingen, die im Licht singen"
ECHO_146,146,Obsidrax,Obsidicancer princeps,Obsidianfürst-Echo,L064,3,Three,A11,L,2.4,2419.2,Type.Stone,Type.Crystal,R05,Tiefe Obsidianklamm,,Rare,Spawn.None,Behavior.Activity.Nocturnal,Behavior.Guardian|Behavior.Lithophage|Behavior.Solitary,Niche.Combat|Niche.Mount,Tank,Mount.Ground,Late,210,Defense:3,108,81,117,63,99,72,100,92,,,30,ITM_FOOD_ORECRUMBS,Obsidianwall: Crescendo – Kristallmauer schützt die eigene Reihe 2 Züge,Ein Panzer wie eine Kathedrale aus schwarzem Glas
ECHO_147,147,Ignavyr,Ignidraco iuvenis,Glutdrachen-Echo,L065,1,Two,A15,L,1.8,180,Type.Ember,,R05,Kraterrand des Ignar,R05_Z05,Rare,Weather.Heatwave,Behavior.Activity.Diurnal,Behavior.Flier|Behavior.Thermal|Behavior.Territorial,Niche.Combat,Striker,,Late,75,Attack:1,59,85,56,44,53,78,106,96,ECHO_148,Level>=42,30,ITM_FOOD_SULFURCANDY,"Krateratem: Glut-Angriff auf eine Reihe, durchdringt Schilde","Flügel mit Glutadern, die bei jedem Schlag aufglimmen"
ECHO_148,148,Ignavor,Ignidraco ignifer,Kraterdrachen-Echo,L065,2,Two,A15,XL,4.5,1400,Type.Ember,Type.Gravity,R05,Ignar-Krater,,VeryRare,Spawn.None,Behavior.Activity.Diurnal,Behavior.Flier|Behavior.Thermal|Behavior.Solitary,Niche.Combat|Niche.Mount,Striker,Mount.Fly,Late,190,Attack:2,82,117,78,61,74,108,106,96,,,20,ITM_FOOD_SULFURCANDY,"Kraterlast: Crescendo – Glut-Meteor aus der Höhe, Schwerkraft zieht Gegner nach vorn","Hörner, um die Schlackebrocken kreisen wie kleine Monde"
ECHO_149,149,Fumel,Fumivacuus tenebrosus,Rauchschleier-Echo,L066,1,Two,A12,S,0.6,4.3,Type.Void,,R05,Fumarolen der Aschefelder,R05_Z01|R05_Z05,Uncommon,,Behavior.Activity.Nocturnal,Behavior.Drifter|Behavior.Shy|Behavior.Camouflaged,Niche.Combat|Niche.Research,Control,,Wave,75,SpAttack:1,58,46,58,66,60,57,102,100,ECHO_150,Level>=28 & TimeOfDay=Night,45,ITM_LURE_LANTERN,"Rußhauch: Leere-Angriff, löscht positive Werteveränderungen des Ziels","Ein Rauchwirbel mit zwei dunklen Löchern, die kein Licht zurückwerfen"
ECHO_150,150,Fumaroth,Fumivacuus silens,Schlotgeist-Echo,L066,2,Two,A12,M,1.5,67.5,Type.Void,Type.Ember,R05,Ignar-Krater nachts,R05_Z05,Rare,TimeOfDay.Night,Behavior.Activity.Nocturnal,Behavior.Drifter|Behavior.Solitary|Behavior.Glowing,Niche.Combat|Niche.Research,Control,,Wave,190,SpAttack:2,83,67,83,96,88,83,102,100,,,30,ITM_LURE_LANTERN,Erstickender Schlot: Gegner können 1 Zug keine Klang-Fähigkeiten nutzen,"Rauchmantel mit glimmenden Rändern und einem stummen, offenen Mund"
ECHO_151,151,Drusil,Drusopithecus scandens,Drusenaffen-Echo,L067,1,Two,A18,S,0.6,37.8,Type.Crystal,,R05,Felswände der Obsidianklamm,R05_Z04,Uncommon,,Behavior.Activity.Diurnal,Behavior.Climber|Behavior.Collector|Behavior.Playful,Niche.Combat|Niche.Field,Support,,Steady,75,SpDefense:1,63,46,60,58,66,52,100,102,ECHO_152,Level>=28,55,ITM_FOOD_CRYSTALSALT,"Drusenwurf: wirft eine Kristalldruse, heilt Verbündeten oder trifft Gegner","Rückenhaut mit Kristalldrusen, die beim Klettern klingeln"
ECHO_152,152,Drusaro,Drusopithecus sapiens,Geodenwächter-Echo,L067,2,Two,A18,M,1.4,480.2,Type.Crystal,Type.Ember,R05,Kristallhöhlen der Obsidianklamm,R05_Z04,Rare,Zone.R05_Z04,Behavior.Activity.Diurnal,Behavior.Climber|Behavior.Guardian|Behavior.ToolUser,Niche.Combat|Niche.Field,Support,,Steady,190,SpDefense:2,91,66,87,82,95,74,100,102,,,40,ITM_FOOD_CRYSTALSALT,"Glutkristall: legt eine heilende Kristallfläche, die Glutangriffe abschwächt","Kristallbart und Rückenplatten, die innen rot glühen"
ECHO_153,153,Volket,Fulgurvultur crepitans,Funkengeier-Echo,L068,1,Two,A05,S,0.7,30.0,Type.Storm,,R05,Schlackenhalden bei Gewitter,R05_Z02|R05_Z03,Common,,Behavior.Activity.Diurnal,Behavior.Flier|Behavior.Scavenger|Behavior.Collector,Niche.Combat,Speed,,Steady,75,Speed:1,49,63,46,58,49,80,96,110,ECHO_154,Level>=30,50,ITM_FOOD_ORECRUMBS,"Funkenhieb: Sturm-Angriff, der gegen Metall-Echos stärker wirkt","Metallisch glänzende Federn, die Funken ziehen"
ECHO_154,154,Voltarn,Fulgurvultur ferreus,Blitzgeier-Echo,L068,2,Two,A05,L,1.8,510.3,Type.Metal,Type.Storm,R05,Über dem Schlackenstrom bei Gewitter,R05_Z03,Rare,Weather.Thunderstorm,Behavior.Activity.Diurnal,Behavior.Flier|Behavior.Scavenger|Behavior.Hunter,Niche.Combat|Niche.Mount,Speed,Mount.Fly,Steady,190,Speed:2,71,92,67,83,71,116,96,110,,,35,ITM_FOOD_ORECRUMBS,Blitzableiter: zieht Sturm-Angriffe auf sich und lädt sich damit auf,"Schwingen aus Eisenfedern, zwischen denen Blitze knistern"
ECHO_155,155,Bassalt,Basaltophonus organum,Basaltorgel-Echo,L069,1,Single,A13,L,2.4,2419.2,Type.Sound,Type.Stone,R05,Basaltsäulen am Schlackenhang,R05_Z02|R05_Z04,Rare,Weather.Thunderstorm,Behavior.Activity.Diurnal,Behavior.Singer|Behavior.Guardian|Behavior.Sleepy,Niche.Combat|Niche.Research,Support,,Late,180,HP:2,88,64,84,80,92,72,100,102,,,30,ITM_LURE_TUNINGFORK,"Orgelgrollen: Klang-Angriff auf alle Gegner, Verbündete erhalten Harmonie","Säulen aus Basalt, durch die der Wind tiefe Töne bläst"
ECHO_156,156,Nucleox,Nucleoignis profundus,Kraterherz-Echo,L070,1,Single,A12,M,1.2,300,Type.Gravity,Type.Ember,R05,Tief im Ignar-Krater,R05_Z05,VeryRare,Weather.Heatwave|TimeOfDay.Night,Behavior.Activity.Nocturnal,Behavior.Thermal|Behavior.Solitary|Behavior.Glowing,Niche.Combat|Niche.Research,Caster,,Late,180,SpAttack:2,75,50,71,117,87,100,104,100,,,20,ITM_FOOD_SULFURCANDY,"Kernschwere: zieht alle Gegner in die Vorderreihe, Schaden steigt mit ihrem Gewicht","Eine glühende Kugel, um die Gesteinsringe kreisen wie um einen Planeten"
ECHO_157,157,Snevel,Nivilynx catulus,Schneeluchsjunges-Echo,L071,1,Three,A01,XS,0.28,3.8,Type.Frost,,R07,Verschneite Wälder des Fjallstad-Tals,R07_Z01|R07_Z02,Common,,Behavior.Activity.Crepuscular,Behavior.Playful|Behavior.Camouflaged|Behavior.Curious,Niche.Combat,Speed,,Swift,60,Speed:1,43,56,41,51,43,71,96,110,ECHO_158,Level>=18,60,ITM_FOOD_ICEFISH,"Pulversprung: Frost-Angriff aus dem Schnee, Priorität +1 bei Schneefall","Pinselohren mit Eiskristallen, die bei Kälte klingeln"
ECHO_158,158,Snevar,Nivilynx silvestris,Schneeluchs-Echo,L071,2,Three,A01,S,0.75,73.8,Type.Frost,,R07,Bergwälder und Ruinen,R07_Z02|R07_Z03,Uncommon,,Behavior.Activity.Crepuscular,Behavior.Hunter|Behavior.Camouflaged|Behavior.Solitary,Niche.Combat,Speed,,Swift,140,Speed:2,61,79,57,72,61,100,96,110,ECHO_159,Level>=36,45,ITM_FOOD_ICEFISH,"Weißer Schatten: erhöht Ausweichen, bei Schneefall unsichtbar für 1 Zug","Fell, dessen Flecken wie Schneekristalle glitzern"
ECHO_159,159,Snevrik,Nivilynx borealis,Firnluchs-Echo,L071,3,Three,A01,M,1.2,302.4,Type.Frost,Type.Light,R07,Isvaldtind im Polarlicht,,Rare,Spawn.None,Behavior.Activity.Nocturnal,Behavior.Hunter|Behavior.Solitary|Behavior.Glowing,Niche.Combat,Speed,,Swift,210,Speed:3,75,97,71,88,75,124,96,110,,,30,ITM_FOOD_ICEFISH,Polarlichtsprung: Crescendo – springt durch Lichtschleier und trifft jeden Gegner einmal,"Eine Mähne, in der Polarlichtbänder fließen"
ECHO_160,160,Kjalf,Glaciomammut lanatus,Mammutkalb-Echo,L072,1,Three,A02,M,1.2,302.4,Type.Frost,,R07,Fjallstad-Tal und Weiden,R07_Z01,Common,,Behavior.Activity.Diurnal,Behavior.Herd|Behavior.Grazer|Behavior.FamilyGroup,Niche.Combat|Niche.Mount,Tank,,Late,60,HP:1,63,47,68,37,58,42,100,92,ECHO_161,Level>=22,60,ITM_FOOD_ALPINECHEESE,Wollpanzer: verringert Frost- und Sturmschaden,"Dichtes Fell mit Eisperlen, die beim Laufen klirren"
ECHO_161,161,Kjalmur,Glaciomammut vector,Frostmammut-Echo,L072,2,Three,A02,L,2.6,3075.8,Type.Frost,Type.Stone,R07,Pässe und Gletschervorland,R07_Z03|R07_Z04,Uncommon,,Behavior.Activity.Diurnal,Behavior.Herd|Behavior.Grazer|Behavior.Guardian,Niche.Combat|Niche.Mount,Tank,Mount.Ground,Late,140,HP:2,88,66,95,51,81,59,100,92,ECHO_162,Level>=40 & Weather=Snow,45,ITM_FOOD_ALPINECHEESE,"Schneepflug: Angriff auf die Vorderreihe, räumt Fallen","Stoßzähne mit Eisrillen, in denen der Wind summt"
ECHO_162,162,Kjalgrund,Glaciomammut antiquus,Gletscherriesen-Echo,L072,3,Three,A02,XL,4.2,12965.4,Type.Frost,Type.Stone,R07,Gletscherzunge,,Rare,Spawn.None,Behavior.Activity.Diurnal,Behavior.Herd|Behavior.Guardian|Behavior.Sleepy,Niche.Combat|Niche.Mount,Tank,Mount.Ground,Late,210,HP:3,108,81,117,63,99,72,100,92,,,30,ITM_FOOD_ALPINECHEESE,"Gletscherschritt: Crescendo – Eiswall vor der eigenen Reihe, Gegner rutschen nach hinten","Ein Rücken aus Gletschereis, in dem alte Luftblasen tönen"
ECHO_163,163,Uvlet,Nivistrix pullus,Schneekauz-Echo,L073,1,Three,A05,XS,0.25,1.4,Type.Frost,,R07,Ruinen von Eiðvik,R07_Z02,Common,,Behavior.Activity.Nocturnal,Behavior.Flier|Behavior.Curious|Behavior.Nester,Niche.Combat|Niche.Research,Caster,,Steady,60,SpAttack:1,45,30,43,70,52,60,104,100,ECHO_164,Level>=18,55,ITM_FOOD_ICEFISH,"Raureifblick: Frost-Angriff, Chance auf Erstarren","Riesige Augen mit Eisringen, die im Dunkeln schimmern"
ECHO_164,164,Uvarn,Nivistrix vigilans,Schneeeulen-Echo,L073,2,Three,A05,S,0.7,30.0,Type.Frost,Type.Spirit,R07,Eiðvik-Ruinen und Pass,R07_Z02|R07_Z03,Uncommon,,Behavior.Activity.Nocturnal,Behavior.Flier|Behavior.Hunter|Behavior.Solitary,Niche.Combat|Niche.Research,Caster,,Steady,140,SpAttack:2,65,43,61,100,75,86,104,100,ECHO_165|ECHO_166,(Level>=36) | (Level>=36 & Zone=R07_Z03 & TimeOfDay=Night),45,ITM_FOOD_ICEFISH,Lautloser Flug: erster Angriff jedes Kampfes kann nicht ausgewichen werden,"Federn, die Schneeflocken im Flug einfangen"
ECHO_165,165,Uvalis,Nivistrix memor,Ahneneulen-Echo,L073,3,Three,A05,L,1.7,429.9,Type.Frost,Type.Spirit,R07,Eiðvik-Ruinen,,Rare,Spawn.None,Behavior.Activity.Nocturnal,Behavior.Flier|Behavior.Guardian|Behavior.Stargazer,Niche.Combat|Niche.Mount,Caster,Mount.Fly,Steady,210,SpAttack:3,79,53,74,122,92,105,104,100,,,30,ITM_FOOD_ICEFISH,Ahnenruf: Crescendo – ruft die Stimme eines besiegten Verbündeten zurück (Wiederbelebung 30 %),"Gefieder, in dem Gesichter von Ahnen schimmern"
ECHO_166,166,Uvasil,Nivistrix tacita,Stilleulen-Echo,L073,3,Branch,A05,L,1.6,358.4,Type.Void,Type.Frost,R07,Schweigfels-Pass in mondlosen Nächten,,VeryRare,Spawn.None,Behavior.Activity.Nocturnal,Behavior.Flier|Behavior.Solitary|Behavior.Camouflaged,Niche.Combat|Niche.Research,Control,,Steady,210,SpAttack:3,88,70,87,101,92,87,102,100,,,20,ITM_LURE_BELLCHIME,Schweigeschwinge: Gegner verlieren 1 Zug lang ihren Eigenklang-Bonus,"Schwarze Federn, die jeden Ton in ihrer Nähe verschlucken"
ECHO_167,167,Lyskin,Aurorabatis lucidus,Lichtschleier-Echo,L074,1,Three,A06,M,0.9,25,Type.Light,,R07,Über dem Fjallstad-Tal in klaren Nächten,R07_Z01|R07_Z05,Uncommon,,Behavior.Activity.Nocturnal,Behavior.Drifter|Behavior.Glowing|Behavior.Stargazer,Niche.Combat|Niche.Research,Support,,Wave,60,SpDefense:1,56,41,53,51,58,46,100,102,ECHO_168,Level>=20 & Weather=Clear,50,ITM_LURE_AURORAGLASS,Schleierlicht: heilt den Verbündeten mit den wenigsten HP,"Ein durchscheinender Körper, der grün und violett flackert"
ECHO_168,168,Lysmara,Aurorabatis velata,Polarlicht-Echo,L074,2,Three,A06,L,2.2,320,Type.Light,Type.Frost,R07,Isvaldtind,R07_Z05,Rare,TimeOfDay.Night,Behavior.Activity.Nocturnal,Behavior.Drifter|Behavior.Glowing|Behavior.Migratory,Niche.Combat|Niche.Mount,Support,Mount.Fly,Wave,140,SpDefense:2,80,58,76,73,83,65,100,102,ECHO_169,Level>=38,40,ITM_LURE_AURORAGLASS,Nordlichtschleier: Verbündete erhalten Schutz gegen Statusveränderungen,Lange Flossenbänder wie Vorhänge aus Licht
ECHO_169,169,Lysthane,Aurorabatis sonora,Himmelsvorhang-Echo,L074,3,Three,A06,XL,4.8,3200,Type.Light,Type.Sound,R07,Über dem Isvaldtind,,Rare,Spawn.None,Behavior.Activity.Nocturnal,Behavior.Drifter|Behavior.Singer|Behavior.Glowing,Niche.Combat|Niche.Mount,Support,Mount.Fly,Wave,210,SpDefense:3,97,71,93,88,102,79,100,102,,,30,ITM_LURE_AURORAGLASS,"Himmelschor: Crescendo – volle Heilung der Reihe, Harmonie +20","Ein Himmelsvorhang, der beim Gleiten hörbar singt"
ECHO_170,170,Vardlit,Cairnomorphus lapillus,Steinmännchen-Echo,L075,1,Two,A13,S,0.6,37.8,Type.Stone,,R07,Wegmarken am Pass,R07_Z03|R07_Z04,Common,,Behavior.Activity.Diurnal,Behavior.Guardian|Behavior.Sleepy|Behavior.Collector,Niche.Combat|Niche.Field,Tank,,Late,75,Defense:1,69,52,75,40,63,46,100,92,ECHO_171,Level>=28,55,ITM_FOOD_ORECRUMBS,Wegzeichen: Verbündete können 1 Zug nicht verschoben werden,"Gestapelte Steine, die beim Bewegen leise knirschen"
ECHO_171,171,Vardholm,Cairnomorphus custos,Steinwarten-Echo,L075,2,Two,A13,L,2.6,3075.8,Type.Stone,Type.Frost,R07,Pässe und Gletscherränder,R07_Z03|R07_Z04,Uncommon,,Behavior.Activity.Diurnal,Behavior.Guardian|Behavior.Sleepy|Behavior.Territorial,Niche.Combat|Niche.Field,Tank,,Late,190,Defense:2,100,75,108,58,92,67,100,92,,,40,ITM_FOOD_ORECRUMBS,Lawinenschild: schützt die Hinterreihe vor dem nächsten Flächenangriff,"Ein Turm aus Steinen mit einem Eiskern, der nachts blau glimmt"
ECHO_172,172,Eidrun,Maiorumbra memor,Ahnenhauch-Echo,L076,1,Two,A12,S,0.7,6.9,Type.Spirit,,R07,Eiðvik-Ruinen,R07_Z02,Uncommon,TimeOfDay.Night,Behavior.Activity.Nocturnal,Behavior.Drifter|Behavior.Singer|Behavior.Shy,Niche.Combat|Niche.Research,Caster,,Wave,75,SpAttack:1,52,35,49,80,60,69,104,100,ECHO_173,Level>=30 & Moon=FullMoon,45,ITM_LURE_BELLCHIME,"Ahnenflüstern: Geist-Angriff, erhöht nächsten Verbündetenangriff","Ein Atemhauch in Menschengestalt, der leise summt"
ECHO_173,173,Eidwacht,Maiorumbra cantor,Ahnenchor-Echo,L076,2,Two,A12,M,1.55,74.5,Type.Spirit,Type.Sound,R07,Großhalle von Eiðvik bei Vollmond,R07_Z02,Rare,Moon.FullMoon,Behavior.Activity.Nocturnal,Behavior.Singer|Behavior.Guardian|Behavior.Glowing,Niche.Combat|Niche.Research,Caster,,Wave,190,SpAttack:2,75,50,71,117,87,100,104,100,,,30,ITM_LURE_BELLCHIME,"Totenchor: Klang-Angriff, stärker je mehr Verbündete besiegt wurden","Mehrere Stimmen gleichzeitig, als sänge ein ganzer Chor"
ECHO_174,174,Hallkid,Echocapra saltans,Halltier-Echo,L077,1,Two,A18,S,0.7,60.0,Type.Sound,,R07,Felsbänder über dem Fjallstad-Tal,R07_Z01|R07_Z03,Common,,Behavior.Activity.Diurnal,Behavior.Climber|Behavior.Playful|Behavior.Echolocator,Niche.Combat,Speed,,Steady,75,Speed:1,49,63,46,58,49,80,96,110,ECHO_175,Level>=30,55,ITM_FOOD_ALPINECHEESE,"Echoruf: Klang-Angriff, der im Gebirge doppelt widerhallt (zweiter Treffer 50 %)","Hohle Hörnchen, durch die jeder Ruf als Echo zurückkommt"
ECHO_175,175,Hallbrand,Echocapra cornutus,Hallbock-Echo,L077,2,Two,A18,L,1.8,1020.6,Type.Sound,Type.Stone,R07,Steilwände am Isvaldtind,R07_Z03|R07_Z05,Uncommon,,Behavior.Activity.Diurnal,Behavior.Climber|Behavior.Territorial|Behavior.Echolocator,Niche.Combat|Niche.Mount,Speed,Mount.Climb,Steady,190,Speed:2,70,91,66,83,70,115,96,110,,,40,ITM_FOOD_ALPINECHEESE,"Bergdonner: Klang-Stoß, der Gegner eine Reihe zurückstößt","Gewaltige Spiralhörner, die wie Hörner eines Orchesters klingen"
ECHO_176,176,Glazil,Crystallonix minuta,Schneeflocken-Echo,L078,1,Two,A16,XS,0.2,0.3,Type.Crystal,,R07,Gletscherzunge bei Schneefall,R07_Z04|R07_Z05,Common,Weather.Snow,Behavior.Activity.Diurnal,Behavior.Swarm|Behavior.Drifter|Behavior.Glowing,Niche.Combat|Niche.Research,Control,,Swift,75,SpDefense:1,58,46,58,66,60,57,102,100,ECHO_177,Level>=28 & Weather=Snow,50,ITM_LURE_WINDCHIME,"Flockenwirbel: Kristall-Angriff, senkt Ausweichen","Hunderte Flocken, jede mit demselben sechszackigen Klangmal"
ECHO_177,177,Glazvind,Crystallonix procellosa,Blizzard-Echo,L078,2,Two,A16,M,1.5,40,Type.Storm,Type.Crystal,R07,Isvaldtind bei Schneesturm,R07_Z05,Rare,Weather.Snow,Behavior.Activity.Diurnal,Behavior.Swarm|Behavior.Drifter|Behavior.Aggressive,Niche.Combat,Control,,Swift,190,SpDefense:2,83,66,82,95,87,82,102,100,,,35,ITM_LURE_WINDCHIME,Weißer Sturm: ruft Schneefall herbei; Gegner verlieren jede Runde HP,Eine heulende Wolke aus Eiskristallen mit einem ruhigen Auge
ECHO_178,178,Tysvorn,Silentiserpens taciturnus,Schweigewurm-Echo,L079,1,Single,A07,XL,3.5,1600,Type.Void,Type.Frost,R07,Spalten der Gletscherzunge,R07_Z04,VeryRare,Weather.Snow|TimeOfDay.Night,Behavior.Activity.Nocturnal,Behavior.Burrower|Behavior.Solitary|Behavior.Ambusher,Niche.Combat|Niche.Research,Striker,,Late,180,Attack:2,79,113,75,58,71,104,106,96,,,20,ITM_FOOD_ICEFISH,"Gletscherschlund: Leere-Angriff, der Schilde und Barrieren ignoriert","Ein Körper aus blauem Eis, in dem ein schwarzer Strang ohne Ton liegt"
ECHO_179,179,Skriv,Scriptorius minimus,Federkiel-Echo,L080,1,Three,A04,S,0.4,11.2,Type.Arcane,,R08,Archive und Lesesäle von Dorunsruh,R08_Z01|R08_Z03,Common,,Behavior.Activity.Nocturnal,Behavior.Collector|Behavior.Curious|Behavior.ToolUser,Niche.Combat|Niche.Research,Caster,,Steady,60,SpAttack:1,46,31,43,71,53,61,104,100,ECHO_180,Level>=20,55,ITM_LURE_GLYPHTOKEN,"Glyphenkritzel: Arkan-Angriff, der eine zufällige Schwäche des Ziels enthüllt","Ein Federkiel als Schopf, der beim Denken Tintenzeichen in die Luft schreibt"
ECHO_180,180,Skrivar,Scriptorius doctus,Archivar-Echo,L080,2,Three,A04,M,1.2,302.4,Type.Arcane,,R08,Säulenfeld Thae'Luun,R08_Z02|R08_Z03,Uncommon,,Behavior.Activity.Nocturnal,Behavior.Collector|Behavior.ToolUser|Behavior.Solitary,Niche.Combat|Niche.Research,Caster,,Steady,140,SpAttack:2,65,43,61,100,75,86,104,100,ECHO_181,Level>=38,45,ITM_LURE_GLYPHTOKEN,"Bannschrift: schreibt ein Zeichen auf das Ziel, das dessen nächste Fähigkeit verzögert",Schwebende Glyphen umkreisen seine Hände wie Buchstaben auf einer Seite
ECHO_181,181,Skriveth,Scriptorius magister,Glyphenmeister-Echo,L080,3,Three,A04,L,2.0,1400.0,Type.Arcane,Type.Light,R08,Archontenviertel,,Rare,Spawn.None,Behavior.Activity.Nocturnal,Behavior.Collector|Behavior.Guardian|Behavior.Glowing,Niche.Combat|Niche.Research,Caster,,Steady,210,SpAttack:3,79,53,74,122,92,105,104,100,,,30,ITM_LURE_GLYPHTOKEN,Weltschrift: Crescendo – schreibt ein Feldzeichen: Arkan-Fähigkeiten aller Verbündeten +1 Stufe,"Ein Mantel aus leuchtenden Zeilen, die sich ständig neu schreiben"
ECHO_182,182,Thaelit,Columnaspectrum lapideus,Säulenfunke-Echo,L081,1,Three,A13,S,0.5,21.9,Type.Arcane,,R08,Säulenfeld Thae'Luun,R08_Z02,Common,,Behavior.Activity.Diurnal,Behavior.Guardian|Behavior.Glowing|Behavior.Sleepy,Niche.Combat|Niche.Research,Tank,,Late,60,SpDefense:1,62,47,67,36,57,41,100,92,ECHO_183,Level>=20,55,ITM_LURE_TUNINGFORK,"Säulenschein: Barriere, die einen Arkan-Angriff absorbiert","Ein Säulenkapitell als Kopf, in dessen Riefen Licht läuft"
ECHO_183,183,Thaelon,Columnaspectrum vigil,Säulenwächter-Echo,L081,2,Three,A13,M,1.5,590.6,Type.Spirit,Type.Arcane,R08,Säulenfeld und Archontenviertel,R08_Z02|R08_Z03,Uncommon,,Behavior.Activity.Diurnal,Behavior.Guardian|Behavior.Glowing|Behavior.Territorial,Niche.Combat|Niche.Research,Tank,,Late,140,SpDefense:2,88,66,95,51,81,59,100,92,ECHO_184,Level>=40,45,ITM_LURE_TUNINGFORK,Wächterpflicht: fängt Angriffe gegen Verbündete der Hinterreihe ab,Eine geisterhafte Rüstung um einen Säulenkern
ECHO_184,184,Thaelarch,Columnaspectrum custos,Säulenarchonten-Echo,L081,3,Three,A13,L,2.8,3841.6,Type.Spirit,Type.Metal,R08,Thronstadt,,Rare,Spawn.None,Behavior.Activity.Diurnal,Behavior.Guardian|Behavior.Solitary|Behavior.Glowing,Niche.Combat|Niche.Research,Tank,,Late,210,SpDefense:3,108,81,117,63,99,72,100,92,,,30,ITM_LURE_TUNINGFORK,Archontenwall: Crescendo – die eigene Reihe ist 1 Zug unverwundbar gegen Geist und Arkan,"Eine Rüstung aus Bronze und Licht mit einem leeren Helm, aus dem ein Chor tönt"
ECHO_185,185,Tikkel,Horologidus parvulus,Zahnradkäfer-Echo,L082,1,Three,A10,XS,0.15,0.6,Type.Metal,,R08,Werkstätten der Vorstadt,R08_Z01,Common,,Behavior.Activity.Diurnal,Behavior.Collector|Behavior.ToolUser|Behavior.Curious,Niche.Combat|Niche.Field,Control,,Steady,60,Speed:1,51,41,51,58,53,51,102,100,ECHO_186,Level>=18,55,ITM_FOOD_ORECRUMBS,Taktschlag: verschiebt das Ziel auf der Zeitleiste um 50 nach hinten,"Ein Panzer mit sichtbaren Zahnrädern, die im Takt ticken"
ECHO_186,186,Tikkar,Horologidus mechanicus,Uhrwerk-Echo,L082,2,Three,A10,S,0.6,37.8,Type.Metal,Type.Arcane,R08,Ruinen des Archontenviertels,R08_Z01|R08_Z03,Uncommon,,Behavior.Activity.Diurnal,Behavior.ToolUser|Behavior.Collector|Behavior.Territorial,Niche.Combat|Niche.Field,Control,,Steady,140,Speed:2,72,57,72,82,75,72,102,100,ECHO_187,Level>=36,45,ITM_FOOD_ORECRUMBS,Aufziehen: eigener nächster Zug kommt sofort,"Ein Schlüssel auf dem Rücken, der sich von selbst dreht"
ECHO_187,187,Tikkoran,Horologidus temporalis,Zeitwerk-Echo,L082,3,Three,A10,M,1.3,384.5,Type.Metal,Type.Gravity,R08,Thronstadt,,Rare,Spawn.None,Behavior.Activity.Diurnal,Behavior.ToolUser|Behavior.Guardian|Behavior.Solitary,Niche.Combat|Niche.Research,Control,,Steady,210,Speed:3,88,70,87,101,92,87,102,100,,,30,ITM_FOOD_ORECRUMBS,Zeitbremse: Crescendo – alle Gegner rücken auf der Zeitleiste um 300 nach hinten,"Ein Pendel unter dem Körper, das die Luft um sich verlangsamt"
ECHO_188,188,Sarkel,Sarcophagion catulus,Grabjunges-Echo,L083,1,Three,A02,M,0.9,127.6,Type.Spirit,,R08,Grabkammern unter dem Archontenviertel,R08_Z03,Uncommon,,Behavior.Activity.Nocturnal,Behavior.Guardian|Behavior.Shy|Behavior.Glowing,Niche.Combat|Niche.Mount,Striker,,Late,60,Attack:1,49,70,46,36,44,65,106,96,ECHO_189,Level>=24,50,ITM_LURE_LANTERN,"Grabesbiss: Geist-Angriff, heilt den Anwender um 25 % des Schadens","Eine Steinmaske vor dem Gesicht, hinter der zwei Lichtpunkte glühen"
ECHO_189,189,Sarkon,Sarcophagion vigilans,Grabwächter-Echo,L083,2,Three,A02,L,2.0,1400.0,Type.Spirit,Type.Stone,R08,Grabkammern und Säulenfeld,R08_Z02|R08_Z03,Rare,TimeOfDay.Night,Behavior.Activity.Nocturnal,Behavior.Guardian|Behavior.Territorial|Behavior.Glowing,Niche.Combat|Niche.Mount,Striker,Mount.Ground,Late,140,Attack:2,70,99,66,51,62,92,106,96,ECHO_190,Level>=42 & Moon=NewMoon,40,ITM_LURE_LANTERN,"Grabwacht: greift jeden Gegner an, der einen Verbündeten trifft",Ein steinerner Löwenkörper mit Geisterflammen als Mähne
ECHO_190,190,Sarkothar,Sarcophagion princeps,Grabfürsten-Echo,L083,3,Three,A02,XL,3.4,6878.2,Type.Spirit,Type.Arcane,R08,Fürstengruft der Thronstadt,,Rare,Spawn.None,Behavior.Activity.Nocturnal,Behavior.Guardian|Behavior.Solitary|Behavior.Glowing,Niche.Combat|Niche.Mount,Striker,Mount.Ground,Late,210,Attack:3,86,122,81,63,76,112,106,96,,,30,ITM_LURE_LANTERN,"Fürstenurteil: Crescendo – trifft den stärksten Gegner, Schaden steigt mit dessen Basiswerten",Eine Krone aus Geisterflammen und ein Siegel auf der Stirn
ECHO_191,191,Tilgel,Atramentivorus edax,Tintenfresser-Echo,L084,1,Two,A17,S,0.4,11.2,Type.Void,,R08,Verfallene Archive,R08_Z01|R08_Z03,Uncommon,,Behavior.Activity.Nocturnal,Behavior.Scavenger|Behavior.Camouflaged|Behavior.Shy,Niche.Combat|Niche.Research,Control,,Wave,75,SpAttack:1,58,46,58,66,60,57,102,100,ECHO_192,Level>=30,45,ITM_LURE_GLYPHTOKEN,Tilgung: löscht eine erlernte Fähigkeit des Ziels für 2 Züge,"Saugnäpfe, die Tinte aus Papier ziehen und blasse Seiten zurücklassen"
ECHO_192,192,Tilgrath,Atramentivorus oblivionis,Vergessens-Echo,L084,2,Two,A17,M,1.4,480.2,Type.Void,Type.Arcane,R08,Versiegelte Bibliothek der Thronstadt,R08_Z04,Rare,TimeOfDay.Night,Behavior.Activity.Nocturnal,Behavior.Scavenger|Behavior.Solitary|Behavior.Camouflaged,Niche.Combat|Niche.Research,Control,,Wave,190,SpAttack:2,83,67,83,96,88,83,102,100,,,30,ITM_LURE_GLYPHTOKEN,Großes Vergessen: alle Gegner verlieren ihre Werteveränderungen,"Tentakel aus schwarzer Leere, über die blasse Buchstaben laufen und verschwinden"
ECHO_193,193,Hymlit,Hymnolilium cantans,Säulenlilien-Echo,L085,1,Two,A14,XS,0.25,2.7,Type.Sound,,R08,Ritzen im Säulenfeld,R08_Z02,Common,,Behavior.Activity.Diurnal,Behavior.Singer|Behavior.Pollinator|Behavior.Sunbather,Niche.Combat|Niche.Research,Support,,Swift,75,SpDefense:1,63,46,60,58,66,52,100,102,ECHO_194,Level>=26 & BondTier>=3,60,ITM_LURE_TUNINGFORK,Morgenhymne: Verbündete erhalten Harmonie +5 und heilen leicht,"Glockenförmige Blüten, die beim Öffnen einen reinen Ton erzeugen"
ECHO_194,194,Hymnora,Hymnolilium chorialis,Chorlilien-Echo,L085,2,Two,A14,S,0.75,73.8,Type.Sound,Type.Spirit,R08,Säulenfeld Thae'Luun bei Sonnenaufgang,R08_Z02,Uncommon,,Behavior.Activity.Diurnal,Behavior.Singer|Behavior.Pollinator|Behavior.Guardian,Niche.Combat|Niche.Research,Support,,Swift,190,SpDefense:2,91,66,87,82,95,74,100,102,,,45,ITM_LURE_TUNINGFORK,"Chorblüte: heilt alle Verbündeten, entfernt einen negativen Status","Ein Kranz aus Blüten, die mehrstimmig singen"
ECHO_195,195,Optil,Gravilens vitreus,Linsen-Echo,L086,1,Two,A13,S,0.4,11.2,Type.Light,,R08,Sternwartenruinen der Vorstadt,R08_Z01,Uncommon,,Behavior.Activity.Nocturnal,Behavior.Stargazer|Behavior.Curious|Behavior.Glowing,Niche.Combat|Niche.Research,Caster,,Steady,75,SpAttack:1,52,35,49,80,60,69,104,100,ECHO_196,Level>=32 & TimeOfDay=Night,50,ITM_LURE_STARCHIME,"Brennglas: Licht-Angriff, kritisch bei Sonnenwetter","Ein Körper aus geschliffener Linse, der Sternenlicht bündelt"
ECHO_196,196,Optikor,Gravilens curvans,Schwerelinsen-Echo,L086,2,Two,A13,M,1.3,384.5,Type.Gravity,Type.Light,R08,Observatorium der Thronstadt,R08_Z04,Rare,TimeOfDay.Night,Behavior.Activity.Nocturnal,Behavior.Stargazer|Behavior.Solitary|Behavior.Glowing,Niche.Combat|Niche.Research,Caster,,Steady,190,SpAttack:2,74,50,70,115,87,99,104,100,,,35,ITM_LURE_STARCHIME,Lichtbeugung: lenkt den nächsten Licht- oder Schwerkraft-Angriff auf ein beliebiges Ziel,"Eine Linse, um die Licht sichtbar gebogen wird"
ECHO_197,197,Menhirok,Menhirion erectus,Menhir-Echo,L087,1,Single,A13,L,2.6,3075.8,Type.Stone,Type.Arcane,R08,Steinkreise der Vorstadt,R08_Z01|R08_Z02,Rare,Moon.FullMoon,Behavior.Activity.Nocturnal,Behavior.Guardian|Behavior.Sleepy|Behavior.Stargazer,Niche.Combat|Niche.Research,Tank,,Late,180,Defense:2,98,74,106,57,90,65,100,92,,,30,ITM_LURE_TUNINGFORK,Steinkreis: Verbündete in Formation erhalten +1 VER und SVE,"Ein Monolith mit Rillen, in denen bei Vollmond Licht fließt"
ECHO_198,198,Kronvaal,Regalisvox rex,Thronhüter-Echo,L088,1,Single,A04,L,2.2,1863.4,Type.Arcane,Type.Metal,R08,Thronsaal von Ael'Dorun,R08_Z04,VeryRare,Moon.NewMoon|TimeOfDay.Night,Behavior.Activity.Nocturnal,Behavior.Guardian|Behavior.Solitary|Behavior.Singer,Niche.Combat|Niche.Research,Caster,,Late,180,SpAttack:2,75,50,71,117,87,100,104,100,,,20,ITM_LURE_GLYPHTOKEN,"Königsdekret: Gegner können 1 Zug lang nur angreifen, nicht unterstützen","Ein Gewand aus Bronzeplatten und eine leere Krone, die über dem Kopf schwebt"
ECHO_199,199,Klirrit,Vitrochiropter pusillus,Klirrflatterer-Echo,L089,1,Three,A05,XS,0.2,0.7,Type.Crystal,,R09,Decken des Glanzschachts,R09_Z01|R09_Z02,Common,,Behavior.Activity.Nocturnal,Behavior.Flier|Behavior.Echolocator|Behavior.Swarm,Niche.Combat|Niche.Research,Speed,,Swift,60,Speed:1,43,56,41,51,43,71,96,110,ECHO_200,Level>=20,55,ITM_FOOD_CRYSTALSALT,"Klirrschrei: Kristall-Angriff, der Ausweichen des Ziels senkt","Flügelhäute mit Kristallsplittern, die beim Flug wie Glas klirren"
ECHO_200,200,Klirrflug,Vitrochiropter vitreus,Glasflatterer-Echo,L089,2,Three,A05,S,0.7,30.0,Type.Crystal,Type.Sound,R09,Quarzgrund und Kavernen,R09_Z02|R09_Z03,Uncommon,,Behavior.Activity.Nocturnal,Behavior.Flier|Behavior.Echolocator|Behavior.Hunter,Niche.Combat|Niche.Research,Speed,,Swift,140,Speed:2,61,79,57,72,61,100,96,110,ECHO_201|ECHO_202,(Level>=38) | (Level>=38 & Zone=R09_Z04),45,ITM_FOOD_CRYSTALSALT,"Resonanzflug: trifft zweimal, der zweite Treffer gegen Kristall-Echos verdoppelt","Kristallohren, die Töne sichtbar als Lichtringe aussenden"
ECHO_201,201,Klirrathan,Vitrochiropter regius,Kristallschwingen-Echo,L089,3,Three,A05,L,1.8,510.3,Type.Crystal,Type.Sound,R09,Große Prismara-Kaverne,,Rare,Spawn.None,Behavior.Activity.Nocturnal,Behavior.Flier|Behavior.Echolocator|Behavior.Solitary,Niche.Combat|Niche.Mount,Speed,Mount.Fly,Swift,210,Speed:3,75,97,71,88,75,124,96,110,,,30,ITM_FOOD_CRYSTALSALT,"Prismenschrei: Crescendo – Klang-Kristall-Welle, alle Gegner −1 Präzision und Ausweichen","Schwingen aus Kristallplatten, die wie eine Orgel klingen"
ECHO_202,202,Klirrnox,Vitrochiropter dissonans,Missklang-Flatterer-Echo,L089,3,Branch,A05,L,1.7,429.9,Type.Void,Type.Crystal,R09,Missklang-Adern,,VeryRare,Spawn.None,Behavior.Activity.Nocturnal,Behavior.Flier|Behavior.Echolocator|Behavior.Aggressive,Niche.Combat|Niche.Research,Striker,,Swift,210,Attack:3,83,118,79,61,75,109,106,96,,,20,ITM_FOOD_CRYSTALSALT,Missklangschrei: Gegner verlieren Harmonie; Klang-Fähigkeiten 2 Züge gesperrt,"Kristallschwingen mit schwarzen Rissen, aus denen ein schiefer Ton dringt"
ECHO_203,203,Spatling,Spathovermis lucidus,Spatwurm-Echo,L090,1,Three,A07,S,0.4,6,Type.Crystal,,R09,Lockerer Quarzsand,R09_Z02,Common,,Behavior.Activity.Nocturnal,Behavior.Burrower|Behavior.Lithophage|Behavior.Shy,Niche.Combat|Niche.Field,Tank,,Late,60,Defense:1,62,47,67,36,57,41,100,92,ECHO_204,Level>=22,55,ITM_FOOD_CRYSTALSALT,"Spatpanzer: VER +1, bei Treffern durch Kristall-Angriffe heilt er stattdessen","Durchscheinende Segmente, in denen Kristallkörner rieseln"
ECHO_204,204,Spatwurm,Spathovermis fodiens,Kristallwurm-Echo,L090,2,Three,A07,L,2.4,600,Type.Crystal,Type.Stone,R09,Quarzgrund und Glanzschacht,R09_Z01|R09_Z02,Uncommon,,Behavior.Activity.Nocturnal,Behavior.Burrower|Behavior.Lithophage|Behavior.Territorial,Niche.Combat|Niche.Mount,Tank,Mount.Dig,Late,140,Defense:2,88,66,95,51,81,59,100,92,ECHO_205,Level>=40,45,ITM_FOOD_CRYSTALSALT,"Kristallbohrer: Angriff, der Barrieren durchbricht","Ein Bohrkopf aus Kristallzacken, der beim Graben singt"
ECHO_205,205,Spathorn,Spathovermis profundus,Geodenwurm-Echo,L090,3,Three,A07,XL,4.5,7000,Type.Crystal,Type.Gravity,R09,Tiefe Resonanz,,Rare,Spawn.None,Behavior.Activity.Nocturnal,Behavior.Burrower|Behavior.Guardian|Behavior.Solitary,Niche.Combat|Niche.Mount,Tank,Mount.Dig,Late,210,Defense:3,108,81,117,63,99,72,100,92,,,30,ITM_FOOD_CRYSTALSALT,"Geodenkern: Crescendo – hüllt die eigene Reihe in eine Geode (Schild, VER/SVE +1)","Ein Körper wie eine aufgebrochene Geode, innen voller leuchtender Kristalle"
ECHO_206,206,Ligrel,Gravaranea filatrix,Fadenspinnen-Echo,L091,1,Three,A10,S,0.35,7.5,Type.Gravity,,R09,Schachtwände,R09_Z01|R09_Z03,Common,,Behavior.Activity.Nocturnal,Behavior.Climber|Behavior.Ambusher|Behavior.Camouflaged,Niche.Combat|Niche.Field,Control,,Steady,60,Speed:1,51,41,51,58,53,51,102,100,ECHO_207,Level>=20,50,ITM_FOOD_CRYSTALSALT,Schwerfaden: bindet das Ziel – es kann 1 Zug nicht die Reihe wechseln,"Fäden, die nach oben statt nach unten hängen"
ECHO_207,207,Ligrath,Gravaranea pendula,Schachtspinnen-Echo,L091,2,Three,A10,M,1.3,384.5,Type.Gravity,Type.Void,R09,Prismara-Kaverne und Missklang-Adern,R09_Z03|R09_Z04,Uncommon,,Behavior.Activity.Nocturnal,Behavior.Climber|Behavior.Hunter|Behavior.Solitary,Niche.Combat|Niche.Field,Control,,Steady,140,Speed:2,72,57,72,82,75,72,102,100,ECHO_208,Level>=38,40,ITM_FOOD_CRYSTALSALT,"Fallnetz: legt eine Falle; der nächste Gegner, der die Reihe wechselt, wird festgehalten","Beine mit dunklen Ringen, um die kleine Steine schweben"
ECHO_208,208,Ligravor,Gravaranea regina,Schachtweberinnen-Echo,L091,3,Three,A10,L,2.2,1863.4,Type.Gravity,Type.Crystal,R09,Tiefe Resonanz,,Rare,Spawn.None,Behavior.Activity.Nocturnal,Behavior.Climber|Behavior.Guardian|Behavior.Solitary,Niche.Combat|Niche.Mount,Control,Mount.Climb,Steady,210,Speed:3,88,70,87,101,92,87,102,100,,,30,ITM_FOOD_CRYSTALSALT,"Schwerenetz: Crescendo – alle Gegner gebunden, ihre Geschwindigkeit sinkt um 2 Stufen","Ein Netz aus Kristallfäden über dem Rücken, das bei Bewegung klingt"
ECHO_209,209,Facetin,Facetofelis nitidus,Facettenkätzchen-Echo,L092,1,Two,A01,XS,0.25,2.7,Type.Crystal,,R09,Prismara-Gassen und Kristallgrotten,R09_Z03,Common,,Behavior.Activity.Crepuscular,Behavior.Curious|Behavior.Playful|Behavior.Glowing,Niche.Combat|Niche.Research,Caster,,Swift,75,SpAttack:1,52,35,49,80,60,69,104,100,ECHO_210,Level>=28 & BondTier>=3,60,ITM_FOOD_CRYSTALSALT,"Facettenblick: Kristall-Angriff, der Licht bricht und Präzision senkt","Augen mit vielen Facetten, die jedes Licht in Regenbogen zerlegen"
ECHO_210,210,Facettor,Facetofelis splendens,Prismakatzen-Echo,L092,2,Two,A01,S,0.7,60.0,Type.Crystal,Type.Light,R09,Kristallgrotten,R09_Z03|R09_Z05,Uncommon,,Behavior.Activity.Crepuscular,Behavior.Hunter|Behavior.Glowing|Behavior.Solitary,Niche.Combat|Niche.Research,Caster,,Swift,190,SpAttack:2,74,50,70,115,87,99,104,100,,,45,ITM_FOOD_CRYSTALSALT,Prismastrahl: teilt einen Licht-Angriff auf bis zu 3 Ziele,"Ein Fell aus Kristallfacetten, das Licht wie ein Kronleuchter streut"
ECHO_211,211,Mullit,Metallotalpa fossor,Erzmull-Echo,L093,1,Two,A01,S,0.35,7.5,Type.Metal,,R09,Erzadern des Glanzschachts,R09_Z01,Common,,Behavior.Activity.Nocturnal,Behavior.Burrower|Behavior.Collector|Behavior.Hoarder,Niche.Combat|Niche.Field,Striker,,Steady,75,Attack:1,54,78,52,40,49,72,106,96,ECHO_212,Level>=30,55,ITM_FOOD_ORECRUMBS,"Erzkralle: Metall-Angriff, Volltreffer bei Stein-Echos","Grabkrallen aus Metall, die beim Graben klingeln"
ECHO_212,212,Mullhorn,Metallotalpa ferratus,Bohrmull-Echo,L093,2,Two,A01,M,0.9,127.6,Type.Metal,Type.Stone,R09,Tiefe Stollen,R09_Z01|R09_Z02,Uncommon,,Behavior.Activity.Nocturnal,Behavior.Burrower|Behavior.Hoarder|Behavior.Territorial,Niche.Combat|Niche.Field,Striker,,Steady,190,Attack:2,79,111,74,58,70,103,106,96,,,40,ITM_FOOD_ORECRUMBS,"Bohrhorn: durchdringender Angriff, ignoriert VER-Erhöhungen",Ein spiralförmiges Metallhorn auf der Schnauze
ECHO_213,213,Misslit,Dissonantia discors,Missklang-Echo,L094,1,Two,A12,S,0.5,6,Type.Void,,R09,Missklang-Adern,R09_Z04,Uncommon,,Behavior.Activity.Nocturnal,Behavior.Drifter|Behavior.Aggressive|Behavior.Glowing,Niche.Combat|Niche.Research,Caster,,Wave,75,SpAttack:1,52,35,49,80,60,69,104,100,ECHO_214,Level>=32,40,ITM_LURE_TUNINGFORK,"Schiefton: Leere-Angriff, Verwirrung gegen Klang-Echos","Ein flackerndes Licht, das einen falschen, schiefen Ton erzeugt"
ECHO_214,214,Missgrath,Dissonantia ruptor,Riss-Echo,L094,2,Two,A12,M,1.5,60,Type.Void,Type.Crystal,R09,Tiefste Missklang-Adern,R09_Z04|R09_Z05,Rare,TimeOfDay.Night,Behavior.Activity.Nocturnal,Behavior.Drifter|Behavior.Aggressive|Behavior.Solitary,Niche.Combat|Niche.Research,Caster,,Wave,190,SpAttack:2,75,50,71,117,87,100,104,100,,,25,ITM_LURE_TUNINGFORK,"Weltriss: ändert das Feld zu Missklang-Terrain (Harmonie-Gewinn halbiert, 3 Züge)","Ein Kristallsplitter mit einem schwarzen Riss, aus dem kein Ton dringt"
ECHO_215,215,Psionit,Psychocrystallus cogitans,Gedankenkristall-Echo,L095,1,Two,A12,XS,0.2,0.4,Type.Arcane,,R09,Quarzgrund,R09_Z02|R09_Z05,Uncommon,,Behavior.Activity.Nocturnal,Behavior.Drifter|Behavior.Curious|Behavior.Glowing,Niche.Combat|Niche.Research,Control,,Wave,75,SpAttack:1,58,46,58,66,60,57,102,100,ECHO_216,Level>=30 & Moon=FullMoon,45,ITM_LURE_GLYPHTOKEN,"Gedankenstoß: Arkan-Angriff, kann das Ziel auf der Zeitleiste zurücksetzen","Ein schwebender Kristall, in dem Lichtpunkte wie Gedanken wandern"
ECHO_216,216,Psioneth,Psychocrystallus sapiens,Denkkristall-Echo,L095,2,Two,A12,M,1.2,40,Type.Arcane,Type.Crystal,R09,Tiefe Resonanz bei Vollmond,R09_Z05,Rare,Moon.FullMoon,Behavior.Activity.Nocturnal,Behavior.Drifter|Behavior.Solitary|Behavior.Glowing,Niche.Combat|Niche.Research,Control,,Wave,190,SpAttack:2,83,67,83,96,88,83,102,100,,,30,ITM_LURE_GLYPHTOKEN,Gedankenspiegel: kopiert die letzte Fähigkeit des Gegners,"Ein Kristallgebilde wie ein Gehirn, das in Gedankenfarben pulsiert"
ECHO_217,217,Miasmar,Miasmatus nebulosus,Grubengas-Echo,L096,1,Single,A12,M,1.2,50,Type.Venom,Type.Void,R09,Verlassene Stollen,R09_Z01|R09_Z04,Rare,TimeOfDay.Night,Behavior.Activity.Nocturnal,Behavior.Drifter|Behavior.Ambusher|Behavior.Glowing,Niche.Combat|Niche.Research,Control,,Wave,180,SpDefense:2,80,64,80,92,84,80,102,100,,,25,ITM_LURE_LANTERN,Schlagwetter: Gift auf alle Gegner; Glut-Angriffe lösen eine Explosion aus,Eine grünlich glimmende Wolke mit dunklem Kern
ECHO_218,218,Stalakkord,Stalactophonus guttans,Tropfstein-Echo,L097,1,Single,A13,L,2.4,2419.2,Type.Sound,Type.Crystal,R09,Tropfsteinhallen der Prismara-Kaverne,R09_Z03|R09_Z05,Rare,Weather.Rain,Behavior.Activity.Nocturnal,Behavior.Singer|Behavior.Sleepy|Behavior.Guardian,Niche.Combat|Niche.Research,Support,,Late,180,SpDefense:2,90,65,86,82,94,73,100,102,,,30,ITM_LURE_TUNINGFORK,Tropfakkord: Verbündete erhalten jede Runde Harmonie und leichte Heilung,"Hängende Tropfsteine, auf denen Wassertropfen Melodien spielen"
ECHO_219,219,Nimbel,Nubicetus infans,Wolkenkalb-Echo,L098,1,Three,A06,M,1.0,40,Type.Storm,,R10,Windstufen,R10_Z01|R10_Z02,Common,,Behavior.Activity.Diurnal,Behavior.Drifter|Behavior.FamilyGroup|Behavior.Playful,Niche.Combat|Niche.Mount,Tank,,Late,60,HP:1,63,47,68,37,58,42,100,92,ECHO_220,Level>=26,60,ITM_FOOD_CLOUDFRUIT,Wolkenpolster: verringert den nächsten erlittenen Schaden stark,"Ein weicher Körper aus Wolke, durch den der Wind summt"
ECHO_220,220,Nimbor,Nubicetus cantor,Wolkenwal-Echo,L098,2,Three,A06,XL,4.0,2000,Type.Storm,Type.Sound,R10,Zwischen den Lumeya-Inseln,R10_Z02,Uncommon,,Behavior.Activity.Diurnal,Behavior.Drifter|Behavior.Singer|Behavior.Migratory,Niche.Combat|Niche.Mount,Tank,Mount.Fly,Late,140,HP:2,88,66,95,51,81,59,100,92,ECHO_221,Level>=44,45,ITM_FOOD_CLOUDFRUIT,Walgesang: Verbündete erhalten Harmonie und Schutz vor Verwirrung,"Ein Rücken aus Kumuluswolken, aus dem tiefe Gesänge steigen"
ECHO_221,221,Nimbaroth,Nubicetus magnus,Himmelswal-Echo,L098,3,Three,A06,XXL,12.0,60000,Type.Storm,Type.Gravity,R10,Über der Kronenwerft,,Rare,Spawn.None,Behavior.Activity.Diurnal,Behavior.Drifter|Behavior.Guardian|Behavior.Migratory,Niche.Combat|Niche.Mount,Tank,Mount.Fly,Late,210,HP:3,108,81,117,63,99,72,100,92,,,30,ITM_FOOD_CLOUDFRUIT,"Himmelslast: Crescendo – senkt die Schwerkraft des Feldes, Verbündete +2 GES","Ein Körper so groß wie eine Insel, auf dessen Rücken Gärten wachsen"
ECHO_222,222,Cirrel,Cirrhirundo velox,Windschwalben-Echo,L099,1,Three,A05,XS,0.2,0.7,Type.Storm,,R10,Windstufen und Klippen,R10_Z01,Common,,Behavior.Activity.Diurnal,Behavior.Flier|Behavior.Swarm|Behavior.Migratory,Niche.Combat,Speed,,Swift,60,Speed:1,43,56,41,51,43,71,96,110,ECHO_223,Level>=20,55,ITM_FOOD_CLOUDFRUIT,"Böenstoß: Sturm-Angriff, Priorität +1 bei Wind","Gabelschwanz, dessen Spitzen kleine Blitze ziehen"
ECHO_223,223,Cirrhawk,Cirrhirundo fulgens,Blitzsegler-Echo,L099,2,Three,A05,S,0.7,30.0,Type.Storm,Type.Light,R10,Lumeya-Inseln,R10_Z01|R10_Z02,Uncommon,,Behavior.Activity.Diurnal,Behavior.Flier|Behavior.Hunter|Behavior.Territorial,Niche.Combat,Speed,,Swift,140,Speed:2,61,79,57,72,61,100,96,110,ECHO_224,Level>=38,45,ITM_FOOD_CLOUDFRUIT,"Blitzsturz: Sturzflug-Angriff, trifft die Hinterreihe","Leuchtende Flügelkanten, die wie Wetterleuchten flackern"
ECHO_224,224,Cirrhaven,Cirrhirundo dominus,Sturmfalken-Echo,L099,3,Three,A05,L,1.9,600.2,Type.Storm,Type.Light,R10,Über der Sternenarena,,Rare,Spawn.None,Behavior.Activity.Diurnal,Behavior.Flier|Behavior.Hunter|Behavior.Solitary,Niche.Combat|Niche.Mount,Speed,Mount.Fly,Swift,210,Speed:3,76,98,71,89,76,125,96,110,,,30,ITM_FOOD_CLOUDFRUIT,"Himmelsschnitt: Crescendo – drei Sturzflüge auf zufällige Gegner, jeder kritisch bei Gewitter","Schwingen, die Lichtbahnen in die Wolken schneiden"
ECHO_225,225,Nubi,Nubiovis lanata,Wölkchen-Echo,L100,1,Three,A12,XS,0.28,0.6,Type.Light,,R10,Gärten von Aerion,R10_Z02|R10_Z03,Common,,Behavior.Activity.Diurnal,Behavior.Drifter|Behavior.Playful|Behavior.Sunbather,Niche.Combat|Niche.Breeding,Support,,Swift,60,SpDefense:1,56,41,53,51,58,46,100,102,ECHO_226,Level>=18,65,ITM_FOOD_CLOUDFRUIT,Sonnenflaum: heilt Verbündete in Sonnenwetter jede Runde,"Ein Wollknäuel aus Wolke, das in der Sonne golden leuchtet"
ECHO_226,226,Nubilo,Nubiovis serena,Wolkenschaf-Echo,L100,2,Three,A12,S,0.75,8,Type.Light,Type.Storm,R10,Lumeya-Inseln,R10_Z02,Uncommon,,Behavior.Activity.Diurnal,Behavior.Drifter|Behavior.Herd|Behavior.Glowing,Niche.Combat|Niche.Breeding,Support,,Swift,140,SpDefense:2,79,57,75,72,82,65,100,102,ECHO_227|ECHO_228,(Level>=34) | (Level>=34 & Moon=NewMoon & Zone=R10_Z02),50,ITM_FOOD_CLOUDFRUIT,Regenbogenwolle: Verbündete erhalten Schutz gegen den nächsten Status,"Wolle, die Regenbögen wirft, wenn Licht durch sie fällt"
ECHO_227,227,Nubiluna,Nubiovis cantrix,Himmelsherden-Echo,L100,3,Three,A12,M,1.5,90,Type.Light,Type.Sound,R10,Gärten von Aerion,,Rare,Spawn.None,Behavior.Activity.Diurnal,Behavior.Drifter|Behavior.Herd|Behavior.Singer,Niche.Combat|Niche.Breeding,Support,,Swift,210,SpDefense:3,96,70,92,87,101,79,100,102,,,35,ITM_FOOD_CLOUDFRUIT,"Wiegenlied der Wolken: Crescendo – volle Heilung aller Verbündeten, Gegner schläfrig","Ein strahlender Wolkenleib, der ein Wiegenlied summt"
ECHO_228,228,Nubisk,Nubiovis obscura,Gewitterschaf-Echo,L100,3,Branch,A12,M,1.4,40,Type.Void,Type.Light,R10,Lumeya-Inseln in Neumondnächten,,VeryRare,Spawn.None,Behavior.Activity.Nocturnal,Behavior.Drifter|Behavior.Solitary|Behavior.Glowing,Niche.Combat|Niche.Research,Control,,Swift,210,SpAttack:3,88,70,87,101,92,87,102,100,,,25,ITM_LURE_STARCHIME,Dunkelwolle: hüllt das Feld in Dunkelheit – Licht-Angriffe 2 Züge geschwächt,"Schwarze Wolle mit Sternenpunkten, die kein Licht zurückwirft"
ECHO_229,229,Harfel,Aeolornis tenuis,Harfenvogel-Echo,L101,1,Two,A05,XS,0.25,1.4,Type.Sound,,R10,Gärten von Aerion,R10_Z03,Common,,Behavior.Activity.Diurnal,Behavior.Flier|Behavior.Singer|Behavior.Nester,Niche.Combat|Niche.Research,Support,,Steady,75,SpDefense:1,63,46,60,58,66,52,100,102,ECHO_230,Level>=28,60,ITM_LURE_WINDCHIME,Saitenlied: Verbündete erhalten +1 GES für 2 Züge,"Schwanzfedern wie Harfensaiten, die der Wind zum Klingen bringt"
ECHO_230,230,Harfion,Aeolornis aeolius,Windharfner-Echo,L101,2,Two,A05,M,1.0,87.5,Type.Sound,Type.Storm,R10,Windstufen,R10_Z01|R10_Z03,Uncommon,,Behavior.Activity.Diurnal,Behavior.Flier|Behavior.Singer|Behavior.Migratory,Niche.Combat|Niche.Research,Support,,Steady,190,SpDefense:2,91,66,87,82,95,74,100,102,,,45,ITM_LURE_WINDCHIME,"Äolsakkord: Verbündete erhalten Harmonie +10, Gegner −1 Präzision","Ein Federfächer wie eine Windharfe, der im Sturm volle Akkorde spielt"
ECHO_231,231,Tintel,Tintinnomedusa pendula,Glöckchen-Echo,L102,1,Two,A12,XS,0.25,0.5,Type.Sound,,R10,Unter den Inseln,R10_Z02|R10_Z04,Common,,Behavior.Activity.Crepuscular,Behavior.Drifter|Behavior.Singer|Behavior.Glowing,Niche.Combat|Niche.Research,Caster,,Wave,75,SpAttack:1,52,35,49,80,60,69,104,100,ECHO_232,Level>=30 & TimeOfDay=Dusk,55,ITM_LURE_BELLCHIME,"Klingelton: Klang-Angriff, der bei Treffer einen Echo-Zweittreffer erzeugt","Ein glockenförmiger Schirm, der bei jeder Bewegung läutet"
ECHO_232,232,Tintabul,Tintinnomedusa sonans,Glockenqualle-Echo,L102,2,Two,A12,M,1.5,90,Type.Sound,Type.Light,R10,Unter der Kronenwerft,R10_Z04,Rare,TimeOfDay.Dusk,Behavior.Activity.Crepuscular,Behavior.Drifter|Behavior.Singer|Behavior.Solitary,Niche.Combat|Niche.Research,Caster,,Wave,190,SpAttack:2,75,50,71,117,87,100,104,100,,,35,ITM_LURE_BELLCHIME,"Großes Geläut: Klang-Angriff auf alle Gegner, erweckt schlafende Verbündete","Ein Glockenschirm aus Licht, dessen Läuten man im Brustkorb spürt"
ECHO_233,233,Holmel,Insulatestudo levis,Schwebeschildkröten-Echo,L103,1,Two,A11,M,0.9,127.6,Type.Gravity,,R10,Ränder der Lumeya-Inseln,R10_Z02,Uncommon,,Behavior.Activity.Diurnal,Behavior.Sleepy|Behavior.Grazer|Behavior.Sunbather,Niche.Combat|Niche.Breeding,Tank,,Late,75,Defense:1,70,52,76,41,64,47,100,92,ECHO_234,Level>=34,50,ITM_FOOD_CLOUDFRUIT,Schwebepanzer: kann nicht verschoben werden; Boden-Angriffe verfehlen,"Ein Panzer, auf dem Moos und kleine Steine schweben"
ECHO_234,234,Holmgard,Insulatestudo insularis,Inselschildkröten-Echo,L103,2,Two,A11,XL,3.5,7503.1,Type.Gravity,Type.Stone,R10,Zwischen den Inseln treibend,R10_Z02|R10_Z04,Rare,Weather.Clear,Behavior.Activity.Diurnal,Behavior.Sleepy|Behavior.Guardian|Behavior.Migratory,Niche.Combat|Niche.Mount,Tank,Mount.Ground,Late,190,Defense:2,101,76,109,59,93,67,100,92,,,35,ITM_FOOD_CLOUDFRUIT,Inselgewicht: erhöht die Schwerkraft; Flug-Echos verlieren ihren Ausweichbonus,Ein Panzer wie eine kleine Insel mit eigenem Baum
ECHO_235,235,Levitel,Levitator minimus,Schwebestein-Echo,L104,1,Two,A13,S,0.4,11.2,Type.Gravity,,R10,Kronenwerft,R10_Z04,Common,,Behavior.Activity.Diurnal,Behavior.Curious|Behavior.Collector|Behavior.Glowing,Niche.Combat|Niche.Field,Control,,Steady,75,SpDefense:1,58,46,58,66,60,57,102,100,ECHO_236,Level>=32,55,ITM_LURE_TUNINGFORK,Hebung: hebt das Ziel an – es verliert 1 Zug lang seinen Reihenvorteil,Ein schwebender Stein mit leuchtenden Runenringen
ECHO_236,236,Levithar,Levitator magister,Schwebekern-Echo,L104,2,Two,A13,M,1.4,480.2,Type.Arcane,Type.Gravity,R10,Herz der Kronenwerft,R10_Z04,Uncommon,,Behavior.Activity.Diurnal,Behavior.Guardian|Behavior.Glowing|Behavior.ToolUser,Niche.Combat|Niche.Field,Control,,Steady,190,SpDefense:2,83,67,83,96,88,83,102,100,,,40,ITM_LURE_TUNINGFORK,"Schwebefeld: Verbündete schweben 2 Züge (Boden-Angriffe verfehlen, GES +1)","Ein Kern aus Runenstein, um den drei Ringe kreisen"
ECHO_237,237,Graupel,Grandonubes minuta,Graupelkorn-Echo,L105,1,Two,A16,XS,0.2,0.3,Type.Frost,,R10,Höhenwinde über den Windstufen,R10_Z01,Common,Weather.Snow,Behavior.Activity.Diurnal,Behavior.Swarm|Behavior.Drifter|Behavior.Aggressive,Niche.Combat,Striker,,Swift,75,Attack:1,54,78,52,40,49,72,106,96,ECHO_238,Level>=30 & Weather=Thunderstorm,50,ITM_LURE_WINDCHIME,Graupelschauer: mehrere kleine Treffer (2–4),"Weiße Körner, die beim Aufprall klirren"
ECHO_238,238,Graupix,Grandonubes grandinis,Hagelsturm-Echo,L105,2,Two,A16,M,1.5,90,Type.Crystal,Type.Storm,R10,Gewitterzellen über Nimbara,R10_Z01|R10_Z05,Rare,Weather.Thunderstorm,Behavior.Activity.Diurnal,Behavior.Swarm|Behavior.Drifter|Behavior.Aggressive,Niche.Combat,Striker,,Swift,190,Attack:2,79,113,75,58,71,104,106,96,,,30,ITM_LURE_WINDCHIME,"Hagelschlag: Kristall-Angriff auf alle Gegner, bei Gewitter doppelt",Ein Wirbel aus Hagelkristallen mit einem blitzenden Kern
ECHO_239,239,Lumaskiff,Lumenavis nauta,Himmelsboot-Echo,L106,1,Single,A06,XL,3.5,900,Type.Light,Type.Storm,R10,Über der Kronenwerft,R10_Z04|R10_Z05,Rare,Weather.Clear,Behavior.Activity.Diurnal,Behavior.Drifter|Behavior.Glowing|Behavior.Migratory,Niche.Combat|Niche.Mount,AllRound,Mount.Fly,Steady,180,SpDefense:2,82,82,82,82,81,81,100,100,,,35,ITM_FOOD_CLOUDFRUIT,Segelschein: die eigene Reihe handelt diese Runde zuerst,Ein Körper wie ein Bootsrumpf mit Segeln aus Licht
ECHO_240,240,Astraviel,Astraiudex iudex,Sternrichter-Echo,L107,1,Single,A04,L,2.2,1863.4,Type.Arcane,Type.Light,R10,Sternenarena,R10_Z05,VeryRare,TimeOfDay.Night|Weather.Clear,Behavior.Activity.Nocturnal,Behavior.Stargazer|Behavior.Guardian|Behavior.Solitary,Niche.Combat|Niche.Research,Caster,,Late,180,SpAttack:2,75,50,71,117,87,100,104,100,,,20,ITM_LURE_STARCHIME,"Sternurteil: Arkan-Angriff, Schaden steigt mit der Zahl der Werteveränderungen auf dem Feld","Ein Gewand aus Nachthimmel, in dem Sternbilder zu Waagen werden"
ECHO_241,241,Sylv'anor,Archisonus radix,Blütenstimmen-Echo,L108,1,Legendary,A03,XL,4.2,12965.4,Type.Bloom,Type.Sound,R01,Wurzelhalle unter der Arena von Eichenhall,,Legendary,Spawn.None,Behavior.Activity.Diurnal,Behavior.Singer|Behavior.Guardian|Behavior.Pollinator,Niche.Combat|Niche.Research,Support,,Late,320,HP:3,121,88,116,110,126,99,100,102,,,3,ITM_LURE_BELLCHIME,Wurzellied: Feldklang – jede Runde heilen alle Verbündeten und Blüte-Fähigkeiten kosten weniger,"Ein Geweih aus singenden Ästen, an denen Glockenblüten im Takt des Weltlieds läuten"
ECHO_242,242,Orh'gruun,Archisonus mons,Steinstimmen-Echo,L109,1,Legendary,A11,XXL,9.0,127575.0,Type.Stone,Type.Gravity,R02,Schlund unter Kharsholm,,Legendary,Spawn.None,Behavior.Activity.Diurnal,Behavior.Guardian|Behavior.Sleepy|Behavior.Lithophage,Niche.Combat|Niche.Research,Tank,,Late,320,Defense:3,134,101,145,78,123,89,100,92,,,3,ITM_LURE_TUNINGFORK,"Bergschwere: Feldklang – Gegner können die Reihe nicht wechseln, Verbündete VER +2","Ein Panzer wie ein Gebirgsgrat, um den Felsbrocken in eigener Schwerkraft kreisen"
ECHO_243,243,Nhael'vesh,Archisonus nebularis,Moorstimmen-Echo,L110,1,Legendary,A05,L,2.9,2134.0,Type.Venom,Type.Spirit,R03,Versunkener Turm unter Morvenfurt,,Legendary,Spawn.None,Behavior.Activity.Crepuscular,Behavior.Flier|Behavior.Solitary|Behavior.Camouflaged,Niche.Combat|Niche.Research,Control,,Late,320,SpDefense:3,110,88,110,126,116,110,102,100,,,3,ITM_LURE_LANTERN,"Moorgedächtnis: Feldklang – besiegte Echos beider Seiten hinterlassen Nebel, der Gift überträgt und heilt","Ein Reiher mit Schlangenhals, dessen Federn sich in Moordunst auflösen"
ECHO_244,244,Thal'assyr,Archisonus procellaris,Gezeitenstimmen-Echo,L111,1,Legendary,A06,XXL,11.0,40000,Type.Tide,Type.Storm,R06,Tiefseegrotte vor Saltrand-Hafen,,Legendary,Spawn.None,Behavior.Activity.Diurnal,Behavior.Swimmer|Behavior.Flier|Behavior.Migratory,Niche.Combat|Niche.Research,Speed,,Late,320,Speed:3,95,123,89,112,95,156,96,110,,,3,ITM_LURE_WINDCHIME,Gezeitenwende: Feldklang – Reihen beider Seiten tauschen jede zweite Runde; eigene Seite handelt zuerst,"Flügel, deren Schläge Sturmfronten über das Meer treiben"
ECHO_245,245,Ash'kareth,Archisonus aenigma,Wahrheitsstimmen-Echo,L112,1,Legendary,A02,XL,4.0,11200.0,Type.Light,Type.Arcane,R04,Unter dem Sonnenhof von Qasr Sahrun,,Legendary,Spawn.None,Behavior.Activity.Diurnal,Behavior.Guardian|Behavior.Sunbather|Behavior.Solitary,Niche.Combat|Niche.Research,Caster,,Late,320,SpAttack:3,100,67,94,155,116,133,104,100,,,3,ITM_LURE_MIRROR,"Rätselglanz: Feldklang – alle verborgenen Werte und Fähigkeiten werden enthüllt, Täuschungen enden","Eine Mähne aus Lichtglyphen, die Fragen in die Luft schreibt"
ECHO_246,246,Pyr'thagon,Archisonus faber,Schmiedestimmen-Echo,L113,1,Legendary,A15,XXL,8.5,76765.6,Type.Ember,Type.Metal,R05,Kraterherz unter Schlackenwehr,,Legendary,Spawn.None,Behavior.Activity.Diurnal,Behavior.Flier|Behavior.Thermal|Behavior.Guardian,Niche.Combat|Niche.Research,Striker,,Late,320,Attack:3,107,152,101,79,95,141,106,96,,,3,ITM_FOOD_SULFURCANDY,"Weltenschmiede: Feldklang – jeder Treffer härtet den Anwender (VER +1), Glut-Terrain dauerhaft","Schuppen aus gehärtetem Erz, zwischen denen Glut wie geschmolzenes Metall fließt"
ECHO_247,247,Isv'aldr,Archisonus memoria,Polarstimmen-Echo,L114,1,Legendary,A06,XXL,9.5,24000,Type.Frost,Type.Light,R07,Gletscherdom unter Hvitmark,,Legendary,Spawn.None,Behavior.Activity.Nocturnal,Behavior.Singer|Behavior.Glowing|Behavior.Guardian,Niche.Combat|Niche.Research,Support,,Late,320,SpDefense:3,122,89,116,111,127,100,100,102,,,3,ITM_LURE_AURORAGLASS,Aurora der Erhaltung: Feldklang – Werteveränderungen der Verbündeten können nicht entfernt werden,"Schwingen wie die eines Schwans und ein Leib wie ein Wal, über die Polarlicht fließt"
ECHO_248,248,Ka'thurel,Archisonus custos,Erinnerungsstimmen-Echo,L115,1,Legendary,A13,XL,5.0,21875.0,Type.Spirit,Type.Arcane,R08,Thronsaal-Gewölbe unter Dorunsruh,,Legendary,Spawn.None,Behavior.Activity.Nocturnal,Behavior.Guardian|Behavior.Collector|Behavior.Solitary,Niche.Combat|Niche.Research,Control,,Late,320,SpDefense:3,111,89,111,127,116,111,102,100,,,3,ITM_LURE_GLYPHTOKEN,Weltgedächtnis: Feldklang – jede eingesetzte Fähigkeit wird gespeichert; Verbündete können sie einmal kopieren,"Eine gesichtslose Gestalt aus schwebenden Ruinenfragmenten, auf denen Glyphen wandern"
ECHO_249,249,Prism'aion,Archisonus amplificans,Kristallstimmen-Echo,L116,1,Legendary,A15,XXL,8.0,64000.0,Type.Crystal,Type.Sound,R09,Resonanzkammer unter Prismara,,Legendary,Spawn.None,Behavior.Activity.Nocturnal,Behavior.Flier|Behavior.Glowing|Behavior.Echolocator,Niche.Combat|Niche.Research,Caster,,Late,320,SpAttack:3,101,67,95,156,117,134,104,100,,,3,ITM_FOOD_CRYSTALSALT,Brechung: Feldklang – jeder Klang- oder Kristall-Angriff trifft ein zweites Ziel mit halber Kraft,"Eine kristallene Drachenschlange, deren Körper Licht in Töne bricht"
ECHO_250,250,Aeth'rion,Archisonus dux,Leitstimmen-Echo,L117,1,Legendary,A05,L,2.9,2134.0,Type.Sound,Type.Light,R10,Sternenarena von Aerion,,Legendary,Spawn.None,Behavior.Activity.Diurnal,Behavior.Flier|Behavior.Singer|Behavior.Glowing,Niche.Combat|Niche.Research,AllRound,,Late,320,SpAttack:3,114,114,113,113,113,113,100,100,,,3,ITM_LURE_STARCHIME,Einklang: Feldklang – Eigenklang-Bonus aller Verbündeten wirkt für jeden ihrer Typen,"Schwingen aus Notenlinien aus Licht, auf denen die Töne aller Stimmen stehen"
ECHO_251,251,Velnox,Pausa silentium,Pausen-Echo,L118,1,Mythical,A12,L,2.9,600,Type.Void,Type.Gravity,R10,Im Riegel unter der Krone von Nimbara,,Mythical,Spawn.None,Behavior.Activity.Nocturnal,Behavior.Solitary|Behavior.Drifter|Behavior.Camouflaged,Niche.Combat|Niche.Research,Control,,Late,320,SpAttack:3,108,87,108,125,114,108,102,100,,,2,ITM_LURE_BELLCHIME,Große Pause: Feldklang – Harmonie beider Seiten wird jede Runde auf null gesetzt; Klang-Fähigkeiten verstummen,Ein Körper aus Abwesenheit; Töne in seiner Nähe enden mitten im Klang
ECHO_252,252,Chronaire,Metronomus tactus,Takthüter-Echo,L119,1,Mythical,A04,M,1.5,590.6,Type.Sound,Type.Arcane,R08,Zwischen zwei Herzschlägen,,Mythical,Spawn.None,Behavior.Activity.Diurnal,Behavior.Dancer|Behavior.Solitary|Behavior.Glowing,Niche.Combat|Niche.Research,Speed,,Late,320,Speed:3,91,117,85,107,91,149,96,110,,,2,ITM_LURE_TUNINGFORK,Taktwechsel: Feldklang – die Zeitleiste läuft rückwärts; der langsamste Kämpfer handelt zuerst,"Eine schmale Gestalt mit Pendel statt Herz, deren Schritte den Takt der Welt angeben"
ECHO_253,253,Mirrowisp,Speculum imago,Spiegel-Echo,L120,1,Mythical,A12,S,0.7,10,Type.Crystal,Type.Spirit,R09,Nur auf Fotografien sichtbar,,Mythical,Spawn.None,Behavior.Activity.Crepuscular,Behavior.Mimic|Behavior.Shy|Behavior.Glowing,Niche.Combat|Niche.Research,Control,,Late,320,SpDefense:3,105,84,105,121,110,105,102,100,,,2,ITM_LURE_MIRROR,Spiegelwelt: Feldklang – jeder Angriff trifft zusätzlich ein Spiegelbild des Angreifers,"Ein Lichtwesen, das auf Fotos scharf und mit bloßem Auge unsichtbar ist"
ECHO_254,254,Ouroveth,Ouroboros perpetuus,Kreislaufschlangen-Echo,L121,1,Mythical,A07,XXL,8.5,30000,Type.Venom,Type.Bloom,R03,Wo Verfall in Wachstum übergeht,,Mythical,Spawn.None,Behavior.Activity.Crepuscular,Behavior.Solitary|Behavior.Pollinator|Behavior.Camouflaged,Niche.Combat|Niche.Breeding,Tank,,Late,320,HP:3,130,97,141,76,119,87,100,92,,,2,ITM_FOOD_MOORBERRY,Ewiger Kreis: Feldklang – Gift heilt Verbündete und schadet Gegnern; besiegte Verbündete keimen einmal neu,"Eine Schlange, die blüht, wo sie verwest – vorne Knospen, hinten Moder"
ECHO_255,255,Zenthrax,Astrometallum caducus,Sternfall-Echo,L122,1,Mythical,A15,XXL,10.0,125000.0,Type.Gravity,Type.Metal,R05,Tiefenresonanz eines Sternenfalls,,Mythical,Spawn.None,Behavior.Activity.Nocturnal,Behavior.Flier|Behavior.Solitary|Behavior.Stargazer,Niche.Combat|Niche.Research,Striker,,Late,320,Attack:3,104,149,99,77,93,138,106,96,,,2,ITM_LURE_STARCHIME,Sternensturz: Feldklang – jede Runde schlägt ein Meteor auf ein zufälliges Feld; Schwerkraft verdoppelt,"Ein Drachenleib aus dunklem Sternenmetall mit einem Herzen, das wie ein fallender Stern glüht"
ECHO_256,256,Aurelune,Eclipsis obscurans,Finsternis-Echo,L123,1,Mythical,A15,XL,5.5,20796.9,Type.Light,Type.Void,R10,Nachthimmel während eines Resonanzsturms,,Mythical,Spawn.None,Behavior.Activity.Nocturnal,Behavior.Flier|Behavior.Glowing|Behavior.Solitary,Niche.Combat|Niche.Research,Caster,,Late,320,SpAttack:3,98,65,93,153,115,131,104,100,,,2,ITM_LURE_AURORAGLASS,Finsternis: Feldklang – Licht- und Leere-Angriffe tauschen ihre Typvorteile,"Ein Drache mit einem Ring aus Licht um einen schwarzen Kern, wie eine Sonnenfinsternis"
